Model,Kvantizacija,Uređaj,Broj,Audio,Govornik,Grupa_duzine,Audio Trajanje [s],Vreme obrade [s],RTF,Brže od realnog vremena,RSS pre transkripcije [MB],Peak RSS [MB],Dodatni peak RAM [MB],Model Load Time [s],Transkript,Referenca,WER [%]
tiny,int8,cpu,1,1govornik1.wav,govornik1,kratki,7.605,0.768,0.101,True,323.51,440.77,117.26,0.789,"Vestočka inteligencija omog ućeva, ročunarima, da rešavaju slorze neprobleme i analizjeraju veali kikoliči ne podatega.",Veštačka inteligencija omogućava računarima da rešavaju složene probleme i analiziraju velike količine podataka.,84.61538461538461
tiny,int8,cpu,2,2govornik1.wav,govornik1,kratki,6.78,0.709,0.1046,True,324.64,441.33,116.7,0.789,"Automatsko prepoznavanje gowora, Tretvere izgoworene reću text, koji ročunar, može dalje dobrađu.",Automatsko prepoznavanje govora pretvara izgovorene reči u tekst koji računar može dalje da obrađuje.,64.28571428571429
tiny,int8,cpu,3,3govornik1.wav,govornik1,kratki,5.828,0.745,0.1279,True,325.12,441.94,116.82,0.789,Danas je võama prijetan Dan. Pas modlucili da prošitem okru center grada posliručk.,"Danas je veoma prijatan dan, pa smo odlučili da prošetamo kroz centar grada posle ručka.",66.66666666666666
tiny,int8,cpu,4,4govornik1.wav,govornik1,kratki,7.291,0.682,0.0936,True,325.79,442.23,116.44,0.789,"Novi ročunari imaju brze procesore, višemo morije i znatno bojli performance nego predhko neg generacije.","Novi računari imaju brže procesore, više memorije i znatno bolje performanse nego prethodne generacije.",57.14285714285714
tiny,int8,cpu,5,5govornik2.wav,govornik2,kratki,9.334,0.838,0.0898,True,326.09,442.48,116.39,0.789,"Masin z ko učinje koristi podatke, kako bi model na učio da prepoznaje obrastce i donosji utgovarijući odluki.",Mašinsko učenje koristi podatke kako bi model naučio da prepoznaje obrasce i donosi odgovarajuće odluke.,66.66666666666666
tiny,int8,cpu,6,6govornik2.wav,govornik2,kratki,7.895,0.704,0.0892,True,326.27,442.49,116.22,0.789,"Sutre ujuju, moram da završim nekoli kova veza, a za ti in planeram da se videm sa prije telima.","Sutra ujutru moram da završim nekoliko obaveza, a zatim planiram da se vidim sa prijateljima.",80.0
tiny,int8,cpu,7,7govornik2.wav,govornik2,kratki,8.731,0.697,0.0798,True,326.27,442.48,116.21,0.789,"Koalite zvucnog zapisa, môže znacrenu da utiče natačnost systema zautomacko prepoznava njegovora.",Kvalitet zvučnog zapisa može značajno da utiče na tačnost sistema za automatsko prepoznavanje govora.,78.57142857142857
tiny,int8,cpu,8,8govornik3.wav,govornik3,kratki,5.213,0.602,0.1155,True,326.27,442.5,116.23,0.789,"Temper tur je tokom noci narlo pala, ali se učekuj, dać je sujtra vreme ponu obiti toplje.","Temperatura je tokom noći naglo pala, ali se očekuje da će sutra vreme ponovo biti toplije.",68.75
tiny,int8,cpu,9,9govornik3.wav,govornik3,kratki,5.341,0.664,0.1243,True,326.28,442.47,116.19,0.789,No ronskim režedana se koristizavra do slijke teksta zvuka imnog gidrujih vrsta podatek.,"Neuronske mreže danas se koriste za obradu slike, teksta, zvuka i mnogih drugih vrsta podataka.",73.33333333333333
tiny,int8,cpu,10,10govornik3.wav,govornik3,kratki,5.596,0.661,0.1182,True,326.25,442.5,116.24,0.789,"Dobar sistemore, staverej momento do bude dovojno, braz predzi zani povozan u razičiti muslim.","Dobar sistem mora istovremeno da bude dovoljno brz, precizan i pouzdan u različitim uslovima.",78.57142857142857
tiny,int8,cpu,11,11govornik1.wav,govornik1,srednji,16.463,0.855,0.0519,True,326.29,443.25,116.96,0.789,"Sa vremeni sistemi zoutomatsku prepozavanje govora koristje dulkine uronskim reže, kako bje analizijre li zvucenstignal i predvorylegu text. Nihova tačno zavistyun modela, kvaliteta snimka, jedika i karakteristika govornika.","Savremeni sistemi za automatsko prepoznavanje govora koriste duboke neuronske mreže kako bi analizirali zvučni signal i pretvorili ga u tekst. Njihova tačnost zavisi od modela, kvaliteta snimka, jezika i karakteristika govornika.",70.96774193548387
tiny,int8,cpu,12,12govornik1.wav,govornik1,srednji,12.725,0.811,0.0637,True,327.04,443.26,116.22,0.789,"Juče sam krenu do grada nešto rani je nego obično. No ulicama ne je bilom no u ljudi, pa sam brzu završivostve oba vezi. Na kuntog sem se ovoblžni kaffić i se čeka oprijetili.","Juče sam krenuo do grada nešto ranije nego obično. Na ulicama nije bilo mnogo ljudi, pa sam brzo završio sve obaveze. Nakon toga sam seo u obližnji kafić i sačekao prijatelja.",74.19354838709677
tiny,int8,cpu,13,13govornik1.wav,govornik1,srednji,15.081,0.85,0.0563,True,327.05,431.06,104.01,0.789,"Višper je moda z automatsko prepoznamenje gavora, kui možete radis sa verikim brojem jezika. Foster višper koristiv optimizovanu implementatiju, koja mogučiva i fikastni i zvarsavani i manju potrošni uročunerskich resursa.",Whisper je model za automatsko prepoznavanje govora koji može da radi sa velikim brojem jezika. Faster-Whisper koristi optimizovanu implementaciju koja omogućava efikasnije izvršavanje i manju potrošnju računarskih resursa.,72.41379310344827
tiny,int8,cpu,14,14govornik1.wav,govornik1,srednji,15.604,0.809,0.0519,True,327.06,443.27,116.21,0.789,"Kad razgovramo u tihいprostori, systemu glavnom može veja majjasto da prepozne zgovori nereč. Medjutim, sa abraće, muzika, razgovor, drugi hliudi i razče dji zvršuma, mogu znaceno da oteržiu transcribci.","Kada razgovaramo u tihoj prostoriji, sistem uglavnom može veoma jasno da prepozna izgovorene reči. Međutim, saobraćaj, muzika, razgovor drugih ljudi i različiti izvori šuma mogu značajno da otežaju transkripciju.",75.86206896551724
tiny,int8,cpu,15,15govornik1.wav,govornik1,srednji,17.427,0.833,0.0478,True,327.06,443.31,116.25,0.789,"Tokom razve s ofterski aplikacije progameri, provo analiziri uzachteve korisnika. Zatim projektu, system, implementiriu poterme funkcjonalnosti. Na kon toga se le testirenje, izpravljenje gresheka i postavljenje aplikacijo produkcijo noo Krusenji.","Tokom razvoja softverske aplikacije programeri prvo analiziraju zahteve korisnika, zatim projektuju sistem i implementiraju potrebne funkcionalnosti. Nakon toga slede testiranje, ispravljanje grešaka i postavljanje aplikacije u produkciono okruženje.",85.71428571428571
tiny,int8,cpu,16,16govornik2.wav,govornik2,srednji,17.647,0.77,0.0436,True,327.09,443.32,116.22,0.789,"Proslog vikenda smo odlucili da provedemo danuprirodi. Vreme je bilo sučano i prijatno. Pa smo ponelih rano i nekuli ko svari, ko je su nam bile potrebne. Vratili smo se kući tek predveće.","Prošlog vikenda smo odlučili da provedemo dan u prirodi. Vreme je bilo sunčano i prijatno, pa smo poneli hranu i nekoliko stvari koje su nam bile potrebne. Vratili smo se kući tek predveče.",42.42424242424242
tiny,int8,cpu,17,17govornik2.wav,govornik2,srednji,16.579,0.764,0.0461,True,327.1,443.34,116.23,0.789,"Vecijmo deli masin s kogu učenja često mogu da postignu veću tacšnost, ali zahtevaju više memorije i procesorzke s nagje. Zbog toga, najveći model mi je uvek najbolji izbor za praktyczno primenu.","Veći modeli mašinskog učenja često mogu da postignu veću tačnost, ali zahtevaju više memorije i procesorske snage. Zbog toga najveći model nije uvek najbolji izbor za praktičnu primenu.",42.857142857142854
tiny,int8,cpu,18,18govornik2.wav,govornik2,srednji,18.204,0.856,0.047,True,327.12,443.32,116.2,0.789,Brzina automansko prepoznava njagovora posivno je vajna koda plikacije koje rade u realnom vremenu. Korisnik očekuje da sistem reaguje brzno i da se transkript pojav vljuje bez primate no kašnije.,Brzina automatskog prepoznavanja govora posebno je važna kod aplikacija koje rade u realnom vremenu. Korisnik očekuje da sistem reaguje brzo i da se transkript pojavljuje bez primetnog kašnjenja.,46.42857142857143
tiny,int8,cpu,19,19govornik2.wav,govornik2,srednji,16.904,1.26,0.0745,True,327.16,443.39,116.22,0.789,"Kad de sam jutro su kluci oračunar, prvo sam proverio elektronzku porštu i poruki. Postle toga sam otvorio projekt, na kve im trenutno radim i nastavio implementaciju funkcjonalnosti, koji sam započe o predhko dno gda.","Kada sam jutros uključio računar, prvo sam proverio elektronsku poštu i poruke. Posle toga sam otvorio projekat na kojem trenutno radim i nastavio implementaciju funkcionalnosti koju sam započeo prethodnog dana.",66.66666666666666
tiny,int8,cpu,20,20govornik2.wav,govornik2,srednji,16.208,0.954,0.0588,True,327.18,443.4,116.22,0.789,"Serpski jezik, sadrži glasove i karakteri koji se razli kujo od Englisko jezika. Zbog toga i interesantno analizijrati, koli ko dobro isti model prepoznaje govor na razlečiti im jezicima.",Srpski jezik sadrži glasove i karaktere koji se razlikuju od engleskog jezika. Zbog toga je interesantno analizirati koliko dobro isti model prepoznaje govor na različitim jezicima.,42.30769230769231
tiny,int8,cpu,21,21govornik3.wav,govornik3,srednji,14.571,1.2,0.0824,True,327.19,443.48,116.29,0.789,"Kontizacijom uvićamada seneorom ski modu, izvršava koriče, mane precijnih numerijči kichu formatu. A te način moguće, je smaniti potrošnjum mimo rje i obrzati izvršenji uz prihvati djupromenu tčnosti.",Kvantizacija omogućava da se neuronski model izvršava korišćenjem manje preciznih numeričkih formata. Na taj način moguće je smanjiti potrošnju memorije i ubrzati izvršavanje uz prihvatljivu promenu tačnosti.,85.18518518518519
tiny,int8,cpu,22,22govornik3.wav,govornik3,srednji,14.652,1.194,0.0815,True,327.27,443.48,116.22,0.789,"Šo je kto komobično grazgovače stuprav i kratke paozi, mene brzino ghova i zastane kako bi je razmislio. Sistim za prepoznavalije ghova, morada, budde dovojno, robusten da pravljeno obradite taky situacije.","Čovek tokom običnog razgovora često pravi kratke pauze, menja brzinu govora ili zastane kako bi razmislio. Sistem za prepoznavanje govora mora da bude dovoljno robustan da pravilno obradi takve situacije.",80.0
tiny,int8,cpu,23,23govornik3.wav,govornik3,srednji,12.214,1.034,0.0846,True,327.27,443.47,116.2,0.789,"Danas postovedi, ki broj aplikacija koje koriste vešta ško indilegendciu. Ona se premenio, mediti jedne in dustrij obrozuvaniu, sabraću, finansijama i mnogim sva konedni, djedi talnim servissima.","Danas postoji veliki broj aplikacija koje koriste veštačku inteligenciju. Ona se primenjuje u medicini, industriji, obrazovanju, saobraćaju, finansijama i mnogim svakodnevnim digitalnim servisima.",73.91304347826086
tiny,int8,cpu,24,24govornik3.wav,govornik3,srednji,11.645,0.799,0.0686,True,327.26,443.49,116.23,0.789,"Kada si zvusno, signalo doda šum nekereču postaju teže razumniu. Što je nevo šuma veću odnosu negor, s systemuje teže da napraviti tajno transcripcju celog snimk.","Kada se zvučnom signalu doda šum, neke reči postaju teže razumljive. Što je nivo šuma veći u odnosu na govor, sistemu je teže da napravi tačnu transkripciju celog snimka.",58.620689655172406
tiny,int8,cpu,25,25govornik3.wav,govornik3,srednji,14.303,0.959,0.067,True,327.27,443.5,116.22,0.789,"Prenejo što rezultate eksperimenta možemo pravno no do potrebimo, potrebno jako risiti istivolo zne podatke jasno definijice ne metrike. Na tajnačni razli kori rezultate ja možete se poveže, sa pravno i no koi vzaprovo i spitujimo.","Pre nego što rezultate eksperimenta možemo pravilno da uporedimo, potrebno je koristiti iste ulazne podatke i jasno definisane metrike. Na taj način razlika u rezultatima može da se poveže sa promenom koju zapravo ispitujemo.",79.41176470588235
tiny,int8,cpu,26,26govornik1.wav,govornik1,dugi,31.092,1.576,0.0507,True,327.28,446.01,118.73,0.789,"Automansko prepoznavenje gowora presta vjavlja oblas sveštačka inteligencije koje se bavi pretvarajem zvusnog signala u tekst. Sa vremini sistemi koristemo deleddu buku gucenja, koji mogu da nalizirju kompleksne karakteristike Čeljutsko gowora. Nihove performansemo guda za vijsio od jazika, koji teta mikrofona, prisu sa pozadinskog šuma, brzinning gowora i karakteristike samog gowarnik. Zbog toge prilikom evalu aci je vajno koristiti razđete vrste zvursnich zapisa.","Automatsko prepoznavanje govora predstavlja oblast veštačke inteligencije koja se bavi pretvaranjem zvučnog signala u tekst. Savremeni sistemi koriste modele dubokog učenja koji mogu da analiziraju kompleksne karakteristike ljudskog govora. Njihove performanse mogu da zavise od jezika, kvaliteta mikrofona, prisustva pozadinskog šuma, brzine govora i karakteristika samog govornika. Zbog toga je prilikom evaluacije važno koristiti različite vrste zvučnih zapisa.",70.6896551724138
tiny,int8,cpu,27,27govornik1.wav,govornik1,dugi,27.458,1.245,0.0453,True,329.15,441.34,112.2,0.789,"Jedno gjutra kreno o samavu tomu bilom prema gradu nešto rani je nego obično. Sa obreciju početku bio veom maslab, ali se pribežavinjem centru broj vozila postepeno povečava. Dok sam čekon na sema foruneradiu sugovorili ovreme skuprognosi za narenih nekoli kodana. Nejavjenu je sučanovreme, ali mo gusno s kratko treniki iše to komvikenda. Kere sam stiga, parkirosa na o tom obil i nastavio pešice.","Jednog jutra krenuo sam automobilom prema gradu nešto ranije nego obično. Saobraćaj je u početku bio veoma slab, ali se približavanjem centru broj vozila postepeno povećavao. Dok sam čekao na semaforu, na radiju su govorili o vremenskoj prognozi za narednih nekoliko dana. Najavljeno je sunčano vreme, ali i mogućnost kratkotrajne kiše tokom vikenda. Kada sam stigao, parkirao sam automobil i nastavio pešice.",74.19354838709677
tiny,int8,cpu,28,28govornik1.wav,govornik1,dugi,30.697,1.95,0.0635,True,329.16,447.71,118.55,0.789,"Višper postujivviše ve ličinom modela, odvejam a mali kdo znatno većih modela, manim modeli zahteviju manim imorije i uglavno ugoćavaju baržu transcripciju, doh većim modeli mogu da pruže veću tarsnoc zahtivnijim ustlojimo. Zbog toga izbormo dela presteviakom promis izmedi u kwaliteta transcripciji potrebnih karečunarskich resursa. Taj kompromisi posemnovažen kare se systemi zvarsvena obično mrčunaru, pez nažnoj gravičkje kartice.","Whisper postoji u više veličina modela, od veoma malih do znatno većih modela. Manji modeli zahtevaju manje memorije i uglavnom omogućavaju bržu transkripciju, dok veći modeli mogu da pruže veću tačnost u zahtevnijim uslovima. Zbog toga izbor modela predstavlja kompromis između kvaliteta transkripcije i potrebnih računarskih resursa. Taj kompromis je posebno važan kada se sistem izvršava na običnom računaru bez snažne grafičke kartice.",71.42857142857143
tiny,int8,cpu,29,29govornik2.wav,govornik2,dugi,34.969,1.789,0.0512,True,329.3,448.79,119.5,0.789,"Pozled in skižum presta vle jedan od najčeštih problema, kod sistema za automatsko prepoznava njegovora. U realnom okruženju mikrofonnes nima samo glaso, sobe veti zvuk automobila ventilatora, drugih ljudi i limusikie. A koje gowordovalnost naža u odnosu našum, transkrypcija može ostati vea oma dobra. Nedjutim, kada se odnosignala išum asmanju je, broj pogrešno prepoznatih reći uglalnom počinje da razd.","Pozadinski šum predstavlja jedan od najčešćih problema kod sistema za automatsko prepoznavanje govora. U realnom okruženju mikrofon ne snima samo glas osobe već i zvuk automobila, ventilatora, drugih ljudi ili muzike. Ako je govor dovoljno snažan u odnosu na šum, transkripcija može ostati veoma dobra. Međutim, kada se odnos signala i šuma smanjuje, broj pogrešno prepoznatih reči uglavnom počinje da raste.",59.01639344262295
tiny,int8,cpu,30,30govornik2.wav,govornik2,dugi,37.756,1.795,0.0476,True,329.31,448.56,119.25,0.789,"Kad razvijamo sistem koj treba da radi u realnom vremenu, nije dovolno posmatrati samo njegovu tacimust. Potrebno analizira tiko liko vremena modelu treba da obradi odredgenu kuljčinu zvoka. A kobra da peci kundi govora traje kraće od peci kundi, sistem potenzijamo može da prati govor, bestalno povećavenja kašnini. Zbog toga su latencija i faktor realno gvremena veoma korisne metrike priglikom evaluacije ova kvij sistema.","Kada razvijamo sistem koji treba da radi u realnom vremenu, nije dovoljno posmatrati samo njegovu tačnost. Potrebno je analizirati koliko vremena modelu treba da obradi određenu količinu zvuka. Ako obrada pet sekundi govora traje kraće od pet sekundi, sistem potencijalno može da prati govor bez stalnog povećavanja kašnjenja. Zbog toga su latencija i faktor realnog vremena veoma korisne metrike prilikom evaluacije ovakvih sistema.",42.857142857142854
tiny,int8,cpu,31,31govornik2.wav,govornik2,dugi,34.969,1.772,0.0507,True,328.99,448.46,119.48,0.789,"Prenej koliko dana organizovali smo malo okuplenje se prije telima. Dokovor je bio da se svi nađemo oku 6 sati, ali je nej koliko Čudi kasnilo zbog sa obraćeja. Doko smo iščekali, rozgovarali smo oposlu, putovanima i planovima za narodne mesice. Kasnije smo narucili večeru i ostali zajedno nej koliko sati. Jako ništa posivno nije bilo planirano, veče je nakraju bilo vea o mazenim jevo i prijedno.","Pre nekoliko dana organizovali smo malo okupljanje sa prijateljima. Dogovor je bio da se svi nađemo oko šest sati, ali je nekoliko ljudi kasnilo zbog saobraćaja. Dok smo ih čekali, razgovarali smo o poslu, putovanjima i planovima za naredne mesece. Kasnije smo naručili večeru i ostali zajedno nekoliko sati. Iako ništa posebno nije bilo planirano, veče je na kraju bilo veoma zanimljivo i prijatno.",54.6875
tiny,int8,cpu,32,32govornik3.wav,govornik3,dugi,27.968,1.655,0.0592,True,328.98,445.22,116.24,0.789,"Luzki gornije podpon konstantan signal, neku gori brzoneko sporia, a pojedinig gornic i pravejamo dugje paozizmići urečenica. Razlijku se evisjenna glassa na aglasak naćin i zgori jećinog gori. Sistim koji posti žojlišneću tutate, kod jedno gornijke za to ne mora, nožno da postignijste rezultate kod drugi osube. Kurjšinje više gornijke mu uvičava, realnoju procienu sposobnosti modela. Daganeralizve.","Ljudski govor nije potpuno konstantan signal. Neko govori brzo, neko sporije, a pojedini govornici prave veoma duge pauze između rečenica. Razlikuju se i visina glasa, naglasak, način izgovora i jačina govora. Sistem koji postiže odlične rezultate kod jednog govornika zato ne mora nužno da postigne iste rezultate kod druge osobe. Korišćenje više govornika omogućava realniju procenu sposobnosti modela da generalizuje.",80.0
tiny,int8,cpu,33,33govornik3.wav,govornik3,dugi,31.254,2.025,0.0648,True,329.0,447.37,118.36,0.789,"Voj se aktiviti detekšin, koristi se zavra razli kvalje djela zvursljom za pisu kojima posti gowr o djelavo kojima se navazitišina. Akos nimo, kse držiđi djugi pierjeli bez gowra, iho kvalje nemožete da smanje kui će no podate kako je modljom morada obradi. Mi jutimo, gori to mora poždjio da obratu, četek i kraj gowra i jeh previše agresivno u kvalje nemožete da od seče djelavo izgavare neredši tako negativno tijčina. Transcripcion.","Voice Activity Detection koristi se za razlikovanje delova zvučnog zapisa u kojima postoji govor od delova u kojima se nalazi tišina. Ako snimak sadrži duge periode bez govora, njihovo uklanjanje može da smanji količinu podataka koju model mora da obradi. Međutim, algoritam mora pažljivo da odredi početak i kraj govora, jer previše agresivno uklanjanje može da odseče deo izgovorene reči i tako negativno utiče na transkripciju.",86.36363636363636
tiny,int8,cpu,34,34govornik3.wav,govornik3,dugi,33.088,2.578,0.0779,True,328.95,448.48,119.52,0.789,"Bim serči prestali, jedano načine prnovaženje, verovatne se kvenci rečit okom deko diranja, rezultatne modela. Vete vredno z parametra, omogviće, razmatra neveči kburel je mogući i kendi data, li stavrevi no moži, da poveće vredme potrebno zobrdu. Zbog toge i koristno eksperimentano, vrvri tida ali, povećanje, bim sajc parametra, za istedno nosji znacšinob, pobilišanje tajšnosti i kodikododatnich, radšinar skich, resojse zechteva.","Beam search predstavlja jedan od načina pronalaženja verovatne sekvence reči tokom dekodiranja rezultata modela. Veća vrednost parametra omogućava razmatranje većeg broja mogućih kandidata, ali istovremeno može da poveća vreme potrebno za obradu. Zbog toga je korisno eksperimentalno proveriti da li povećanje beam size parametra zaista donosi značajno poboljšanje tačnosti i koliko dodatnih računarskih resursa zahteva.",98.18181818181819
tiny,int8,cpu,35,35govornik3.wav,govornik3,dugi,29.06,1.575,0.0542,True,329.05,445.25,116.2,0.789,"Prledikom izvodinaj eksperimenta vjamaj varno menjati jedno karkteristiku systema do kostal u sluvnostavisti. Akustovremeno promenivamo model Yazik, kvali tez vukaj parametre deko djereja, teseško možemo, da za klucčimo zbukčegaj, resultat posto boli i iloši. Kontrolisno i eksperimenti mogu i čavio jasnije proredženije razičiti konfigurati, ideju, pozdanuje ostno izvodinje za klucčika oponasvenju systema.","Prilikom izvođenja eksperimenta veoma je važno menjati jednu karakteristiku sistema dok ostali uslovi ostaju isti. Ako istovremeno promenimo model, jezik, kvalitet zvuka i parametre dekodiranja, teško možemo da zaključimo zbog čega je rezultat postao bolji ili lošiji. Kontrolisani eksperimenti omogućavaju jasnije poređenje različitih konfiguracija i daju pouzdaniju osnovu za izvođenje zaključaka o ponašanju sistema.",88.88888888888889
tiny,int8,cpu,36,36govornik1.wav,govornik1,veoma_dugi,69.01,3.305,0.0479,True,329.04,449.61,120.57,0.789,"Sabrimini sistem izel o tomatsko prepoznamenje govara i mjovelik broj praktycznich primen. Mogu se koristiti za o tomatsko pravnije transkripeta, sa stanka, generisanje titlava, glasavne asistente, pretregu motu i merijanlog sadažeja i pobošanje pristu pašnacidijitanih sistem. I pakvaliti nihog rada zavisio dvele kuk broję faktor, govrnicijmje u razačiite glasove, akcenti i brzijne govara. Dursnimci mogu nastati koristijem ralčiti kmi krvone i u razačiti prostoria. Dodlatnim promljem precaja pozdinskisum, sistem koji vejama dobro radajutiti kui prostori nemo rada poscignijesti rezultat na ulici i u tomu bilu. Zbog toga evalovacije sistema nebitrevalo da bude zaastamanana na samo jednom zvusšam zapisu. Potarno nekorisiti više govrnica, razačiti tujinestimeka i razačiti ustlove. Po retačnosti, zreskripci je varnojana ali zireti vremi zvršavanja. Potrošnjum imorije i sposobno sistema da obradio zvuk dovolnom brzaza praktycznu primenu.","Savremeni sistemi za automatsko prepoznavanje govora imaju veliki broj praktičnih primena. Mogu se koristiti za automatsko pravljenje transkripata sastanaka, generisanje titlova, glasovne asistente, pretragu multimedijalnog sadržaja i poboljšanje pristupačnosti digitalnih sistema. Ipak, kvalitet njihovog rada zavisi od velikog broja faktora. Govornici imaju različite glasove, akcente i brzine govora, dok snimci mogu nastati korišćenjem različitih mikrofona i u različitim prostorijama. Dodatni problem predstavlja pozadinski šum. Sistem koji veoma dobro radi u tihoj prostoriji ne mora da postigne isti rezultat na ulici ili u automobilu. Zbog toga evaluacija sistema ne bi trebalo da bude zasnovana na samo jednom zvučnom zapisu. Potrebno je koristiti više govornika, različite dužine snimaka i različite uslove. Pored tačnosti transkripcije, važno je analizirati vreme izvršavanja, potrošnju memorije i sposobnost sistema da obrađuje zvuk dovoljno brzo za praktičnu primenu.",76.92307692307693
tiny,int8,cpu,37,37govornik2.wav,govornik2,veoma_dugi,82.431,3.571,0.0433,True,329.07,450.44,121.37,0.789,"Kada goworimo o performancea mamo dela za prepoznavanje gowora, postuje 2 različite stvari koje želi mamo da postignemo. Prveje što taczni i transcript, a druga što efikasni je izvršalanje. Veći model môže polje da prepozna komplicovanere čenice i ligovor u težim u sluima, ali sto vremeno môže za kteveti mnogoviši mimo rije i vremena. Mani model môže biti nešto manje precizen, ali dovolno brz da se koristina običnom laptopu. Quantizacija presta vle još jeda načim optimizacije i je o moguće vako ristinje numeričko formata manje preciznosti. Timese môže smanje tikuljčina potrebne mimo rije i u brzati obrada. Mediutim svaka optimizacija mora da bude experimentalno proverena. Mije dovolno pokazati da jedna konfiguracija brža. Potrebno je proveriti dalje njenatacnost ostala prihvativa. Upravozato se koristem metrike kao što su vord error rat, latencija i realtim faktor koju mogućavej u da različite konfiguracije modela budu upoređene na objektiva načim.","Kada govorimo o performansama modela za prepoznavanje govora, postoje dve različite stvari koje želimo da postignemo. Prva je što tačniji transkript, a druga što efikasnije izvršavanje. Veći model može bolje da prepozna komplikovane rečenice ili govor u težim uslovima, ali istovremeno može zahtevati mnogo više memorije i vremena. Manji model može biti nešto manje precizan, ali dovoljno brz da se koristi na običnom laptopu. Kvantizacija predstavlja još jedan način optimizacije jer omogućava korišćenje numeričkog formata manje preciznosti. Time se može smanjiti količina potrebne memorije i ubrzati obrada. Međutim, svaka optimizacija mora da bude eksperimentalno proverena. Nije dovoljno pokazati da je jedna konfiguracija brža. Potrebno je proveriti i da li je njena tačnost ostala prihvatljiva. Upravo zato se koriste metrike kao što su Word Error Rate, latencija i Real-Time Factor, koje omogućavaju da različite konfiguracije modela budu upoređene na objektivan način.",59.57446808510638
tiny,int8,cpu,38,38govornik2.wav,govornik2,veoma_dugi,64.459,2.729,0.0423,True,329.58,449.98,120.39,0.789,Prostljene ide je imo osam prilicčno i spunjendan. Uju trusam ustavrani je i rsem moro odazavršim nekuliko oba ve za pre odlaska ugrad. Postljdo rucka pro verio sam poru ki pripremio stvari koji su mi bile potrebne i kreno automobilu. Na putuje bilo više sa obrecie nego što samočekivo. Pami je trebalo skoro pola sata do stignem docentra. Prvo sam otisio odaprodavnici za ti mido banki a na kontoga sam se našao sa prijeti koje gni sam video nekuliko mesici. Rozgavarali smo oposlu putovanima i planovima za narjednogodino. Postljdo rucka vreme se iznena da promenilo i počela i jaka kisra. Saczikali smo nekuliko minuta da se vreme malo smiri a onda smo kreno likući. Kad se sam se vratio nastavio sam da radim naracunaro. Uviče sam zavroši je preostal je obovezi i odluci je odostatek dana provedem odmarajuci se.,"Prošle nedelje imao sam prilično ispunjen dan. Ujutru sam ustao ranije jer sam morao da završim nekoliko obaveza pre odlaska u grad. Posle doručka proverio sam poruke, pripremio stvari koje su mi bile potrebne i krenuo automobilom. Na putu je bilo više saobraćaja nego što sam očekivao, pa mi je trebalo skoro pola sata da stignem do centra. Prvo sam otišao do prodavnice, zatim do banke, a nakon toga sam se našao sa prijateljem kojeg nisam video nekoliko meseci. Razgovarali smo o poslu, putovanjima i planovima za narednu godinu. Posle ručka vreme se iznenada promenilo i počela je jaka kiša. Sačekali smo nekoliko minuta da se vreme malo smiri, a onda smo krenuli kući. Kada sam se vratio, nastavio sam da radim na računaru. Uveče sam završio preostale obaveze i odlučio da ostatak dana provedem odmarajući se.",62.04379562043796
tiny,int8,cpu,39,39govornik3.wav,govornik3,veoma_dugi,62.613,2.716,0.0434,True,329.59,449.91,120.32,0.789,"Sistim koju braću goju realnom, vreminu morada rešava nešto drugiacci i provvimo sistemak koji dobie kompletna odio zapis. Kod klasišne, transcripcije, modu moži da dobie čito z nimak i zatim gobradi. Kod realnom, vremena zvuk neprestlno pristijži, paka je potrebno poddeliti na manje delve. A kukoristimo veamo gradkesegmente, sistemoži brzda do prikaži rezultat, almo delima manje kontekst za pravimo pripoznavanje rešenice. Se drugi strane kukoristimo doge segmente, modu dobie vše konteksta, alikorestik mora doži da čekan rezultat. Zbog toga izbor vele če ne segmenta prestavi a kompromisizmizju, latenci je i kvaliteta transcripcije. Na prima je mogu su porejte segmenti od 25-10 sekundi. Za svaku konfiguracju mogu uči izmeriti vreme obradi faktorealno vremena i tajnos konačno k transcripta. Tako je eksperimento mogu čalo da se otvrdi koja konfiguracije prestavi a najbolji kompromis za praktičan sistem.","Sistem koji obrađuje govor u realnom vremenu mora da rešava nešto drugačiji problem od sistema koji dobije kompletan audio zapis. Kod klasične transkripcije model može da dobije čitav snimak i zatim ga obradi. Kod realnog vremena zvuk neprestano pristiže, pa ga je potrebno podeliti na manje delove. Ako koristimo veoma kratke segmente, sistem može brzo da prikaže rezultat, ali model ima manje konteksta za pravilno prepoznavanje rečenice. Sa druge strane, ako koristimo duge segmente, model dobija više konteksta, ali korisnik mora duže da čeka na rezultat. Zbog toga izbor veličine segmenta predstavlja kompromis između latencije i kvaliteta transkripcije. Na primer, mogu se uporediti segmenti od dve, pet i deset sekundi. Za svaku konfiguraciju moguće je izmeriti vreme obrade, faktor realnog vremena i tačnost konačnog transkripta. Takav eksperiment omogućava da se utvrdi koja konfiguracija predstavlja najbolji kompromis za praktičan sistem.",70.50359712230215
tiny,int8,cpu,40,40govornik3.wav,govornik3,veoma_dugi,79.772,2.889,0.0362,True,329.59,450.46,120.87,0.789,"Cil eksperimentalne ljezi systema zutomatika, prepoznavaljaj govara, je steda se otvrdi, kako razišiti fakturu, tičunno njegovrad. Možemo menjati vječinu modela, nevo pozadinsku ksuma, jezih govrnika, parametre dekudirajja, natchin quantizaciji i koristije algoritma, zaditekcu govara. Svaki eksperiment treba organizati tako da možemo jasno do otvrdivo poslijice određene promene. Resultati se zatim ovu posmatrdi kroz više metrika. Vore ero reit pokazuji kodikose prepozna tijitekse razdijiku otasnog referentno transkripta. Potrimno tokko vreme nepotrimno zobrdiu doke reel time factor povezuji vreme obredesa trajem samog zvusnog zapisa. Potrosti imi mori poslimno začinak kada model treba da radina uredejima se ogradicšlenima resursima. Kombino ovih rezultati, da možemo da pro nadiom konfiguratiju koja ne mora biti najbola prema svako i podinjašno metrici, ali prestavojila dobar kompromis izbim i otacšnosti, bryzine i potrebnich rečanar skeh resursa.","Cilj eksperimentalne analize sistema za automatsko prepoznavanje govora jeste da se utvrdi kako različiti faktori utiču na njegov rad. Možemo menjati veličinu modela, nivo pozadinskog šuma, jezik govornika, parametre dekodiranja, način kvantizacije ili korišćenje algoritma za detekciju govora. Svaki eksperiment treba organizovati tako da možemo jasno da utvrdimo posledice određene promene. Rezultati se zatim mogu posmatrati kroz više metrika. Word Error Rate pokazuje koliko se prepoznati tekst razlikuje od tačnog referentnog transkripta. Latencija pokazuje koliko vremena je potrebno za obradu, dok Real-Time Factor povezuje vreme obrade sa trajanjem samog zvučnog zapisa. Potrošnja memorije je posebno značajna kada model treba da radi na uređajima sa ograničenim resursima. Kombinovanjem ovih rezultata možemo da pronađemo konfiguraciju koja ne mora biti najbolja prema svakoj pojedinačnoj metrici, ali predstavlja dobar kompromis između tačnosti, brzine i potrebnih računarskih resursa.",68.65671641791045
tiny,float32,cpu,1,1govornik1.wav,govornik1,kratki,7.605,0.852,0.112,True,434.73,552.04,117.31,0.356,Vestocčka inteligencija umu gucivaročunari madar rešavaju slorze ne probleme i analizijaju veleki količi ne podateka.,Veštačka inteligencija omogućava računarima da rešavaju složene probleme i analiziraju velike količine podataka.,84.61538461538461
tiny,float32,cpu,2,2govornik1.wav,govornik1,kratki,6.78,0.861,0.127,True,436.21,551.98,115.78,0.356,"Automacko prepoznavanje gowora, Tretverej zgoworene reću text, koji ročuner može dalje dobrađu.",Automatsko prepoznavanje govora pretvara izgovorene reči u tekst koji računar može dalje da obrađuje.,71.42857142857143
tiny,float32,cpu,3,3govornik1.wav,govornik1,kratki,5.828,0.716,0.1228,True,434.58,551.52,116.95,0.356,Danas je vjama prijetan Dan. Pas modlucili da prošitamo krozcentar grada posliručk.,"Danas je veoma prijatan dan, pa smo odlučili da prošetamo kroz centar grada posle ručka.",66.66666666666666
tiny,float32,cpu,4,4govornik1.wav,govornik1,kratki,7.291,0.739,0.1013,True,435.48,552.3,116.82,0.356,"Novi ročunari imaju brze procesore, višemo morije i znatno bojli performance nego predhho neg generacije.","Novi računari imaju brže procesore, više memorije i znatno bolje performanse nego prethodne generacije.",57.14285714285714
tiny,float32,cpu,5,5govornik2.wav,govornik2,kratki,9.334,0.794,0.085,True,436.41,552.64,116.22,0.356,"Masin z ko učinje koristi podatke, kako bi model na učijo da prepoznaje obrastse i donosji utgovarijući odluki.",Mašinsko učenje koristi podatke kako bi model naučio da prepoznaje obrasce i donosi odgovarajuće odluke.,66.66666666666666
tiny,float32,cpu,6,6govornik2.wav,govornik2,kratki,7.895,0.822,0.1041,True,436.42,552.63,116.21,0.356,"Sutre ujuju tru moram da završim nekoli kovoa veza, a za ti in planeram da se vidim sa prijatelima.","Sutra ujutru moram da završim nekoliko obaveza, a zatim planiram da se vidim sa prijateljima.",73.33333333333333
tiny,float32,cpu,7,7govornik2.wav,govornik2,kratki,8.731,0.805,0.0922,True,436.42,552.65,116.23,0.356,"Koalite zvucnog zapisa, może znacelnu da utiče natačnost, systema zautomatsko prepoznava njegowora.",Kvalitet zvučnog zapisa može značajno da utiče na tačnost sistema za automatsko prepoznavanje govora.,78.57142857142857
tiny,float32,cpu,8,8govornik3.wav,govornik3,kratki,5.213,0.72,0.1382,True,436.44,552.66,116.22,0.356,"Temper ture tokom noci narlo pala ali se učekuj, dać je sujtra vreme ponu obiti tobli.","Temperatura je tokom noći naglo pala, ali se očekuje da će sutra vreme ponovo biti toplije.",68.75
tiny,float32,cpu,9,9govornik3.wav,govornik3,kratki,5.341,0.733,0.1373,True,436.45,552.66,116.21,0.356,No ronzkim režedana se koristli zavra do slijke tekst za zvuka imnogi druhih vrsta podatek.,"Neuronske mreže danas se koriste za obradu slike, teksta, zvuka i mnogih drugih vrsta podataka.",86.66666666666667
tiny,float32,cpu,10,10govornik3.wav,govornik3,kratki,5.596,0.819,0.1463,True,436.44,552.65,116.21,0.356,"Dobar sistemore staverejmenu da bude dovojna, braz predzi zani povozan u razičiti muslim.","Dobar sistem mora istovremeno da bude dovoljno brz, precizan i pouzdan u različitim uslovima.",71.42857142857143
tiny,float32,cpu,11,11govornik1.wav,govornik1,srednji,16.463,1.381,0.0839,True,436.44,552.53,116.09,0.356,"Sa vremeni sistemi zoutomatsko prepozavanje govora koristje dulkine uronskim reže, kako bje analizijreli zvucen signal i predvoreli gov text. Nihova tačno zavisti unmodela, kvaliteta snimka, jedika i karakteristi kagovordnika.","Savremeni sistemi za automatsko prepoznavanje govora koriste duboke neuronske mreže kako bi analizirali zvučni signal i pretvorili ga u tekst. Njihova tačnost zavisi od modela, kvaliteta snimka, jezika i karakteristika govornika.",77.41935483870968
tiny,float32,cpu,12,12govornik1.wav,govornik1,srednji,12.725,1.118,0.0879,True,436.32,552.64,116.33,0.356,"Juče sam krenu do grada nešto rani je nego obično. No ulicaman je bilom no u ljudi, pa sam brzuzavršivostve oba vezi. Na kuntog sem se ovoblžni kaffić i se čeka oprijetelja.","Juče sam krenuo do grada nešto ranije nego obično. Na ulicama nije bilo mnogo ljudi, pa sam brzo završio sve obaveze. Nakon toga sam seo u obližnji kafić i sačekao prijatelja.",74.19354838709677
tiny,float32,cpu,13,13govornik1.wav,govornik1,srednji,15.081,1.26,0.0836,True,436.43,535.16,98.73,0.356,"Višper je moda za automatsko prepoznavningen gavora, kui možete radis sa verikim brojem jezika. Foster višper koristio optimizovanu implementaciju, koja mogučiva i fikastni i zvarsavani i manju potrošni uročunerskich resursa.",Whisper je model za automatsko prepoznavanje govora koji može da radi sa velikim brojem jezika. Faster-Whisper koristi optimizovanu implementaciju koja omogućava efikasnije izvršavanje i manju potrošnju računarskih resursa.,65.51724137931035
tiny,float32,cpu,14,14govornik1.wav,govornik1,srednji,15.604,1.242,0.0796,True,436.46,552.77,116.3,0.356,"Kad je razgovramo u tihい prostori, sjistemu glavnom može veja majjasto da prepozne zgovori nereč. Medjutim, sa abraće, muzika, razgovor, drugi hliudi i razči i izvoryšuma, mogu znaceno da oteržiu transcribci.","Kada razgovaramo u tihoj prostoriji, sistem uglavnom može veoma jasno da prepozna izgovorene reči. Međutim, saobraćaj, muzika, razgovor drugih ljudi i različiti izvori šuma mogu značajno da otežaju transkripciju.",79.3103448275862
tiny,float32,cpu,15,15govornik1.wav,govornik1,srednji,17.427,1.157,0.0664,True,436.55,552.82,116.27,0.356,"Tokom razuje sovtorski aplikacije proga mery pravo analizijriu zahhteve korisnika. Zatim projektu, system, implementijaju poterme funkcjonalnosti. Na kon toga sledete stirenje, izpravljenje gresheka i postavljenje aplikacijo produkciono okruženje.","Tokom razvoja softverske aplikacije programeri prvo analiziraju zahteve korisnika, zatim projektuju sistem i implementiraju potrebne funkcionalnosti. Nakon toga slede testiranje, ispravljanje grešaka i postavljanje aplikacije u produkciono okruženje.",75.0
tiny,float32,cpu,16,16govornik2.wav,govornik2,srednji,17.647,1.066,0.0604,True,436.61,552.82,116.21,0.356,"Proslog vikenda smo odlucili da provedemo danu prirodi. Vreme je bilo sučano i prijedno. Pa smo poneli hranu i nekulikos vari, koja su nam bile potrebne. Vratili smo se kući tek predveče.","Prošlog vikenda smo odlučili da provedemo dan u prirodi. Vreme je bilo sunčano i prijatno, pa smo poneli hranu i nekoliko stvari koje su nam bile potrebne. Vratili smo se kući tek predveče.",27.27272727272727
tiny,float32,cpu,17,17govornik2.wav,govornik2,srednji,16.579,1.094,0.066,True,436.61,552.86,116.26,0.356,"Vecimo deli masin s kogu učenja često mogu da postignu veću tacnost, ali zahtevaju više memorije i procesorzke s nagje. Zbog toga, najveći model mi je uvek najbolji izbor za praktyczno primenu.","Veći modeli mašinskog učenja često mogu da postignu veću tačnost, ali zahtevaju više memorije i procesorske snage. Zbog toga najveći model nije uvek najbolji izbor za praktičnu primenu.",42.857142857142854
tiny,float32,cpu,18,18govornik2.wav,govornik2,srednji,18.204,1.044,0.0573,True,436.65,552.88,116.23,0.356,Brzina automański prepoznavanja gowora posivno je vajna koda plikacije koje rade u realnom vremenu. Korisnik očiku je da system reaguje brzo i da se transkript pojav ljuje bez primetno kašnije.,Brzina automatskog prepoznavanja govora posebno je važna kod aplikacija koje rade u realnom vremenu. Korisnik očekuje da sistem reaguje brzo i da se transkript pojavljuje bez primetnog kašnjenja.,46.42857142857143
tiny,float32,cpu,19,19govornik2.wav,govornik2,srednji,16.904,1.159,0.0686,True,436.67,552.88,116.21,0.356,"Kad desem jutro su kluci oračunar, prvo sam proverio elektronzku poštu i poruki. Postle toga sam otvorio projekt, na kojem trenutno radim i nastavio implementaciju funkcjonalnosti, koju sam započe o predhodno gda.","Kada sam jutros uključio računar, prvo sam proverio elektronsku poštu i poruke. Posle toga sam otvorio projekat na kojem trenutno radim i nastavio implementaciju funkcionalnosti koju sam započeo prethodnog dana.",50.0
tiny,float32,cpu,20,20govornik2.wav,govornik2,srednji,16.208,1.047,0.0646,True,436.66,552.91,116.25,0.356,"Serpski jezik sadrži glasovje i karakteri koji se razli kujo od Englisko jezika. Zbog toga je interesantno analizirati, koli ko dobro isti model prepozna je gowor na različitim jezicima.",Srpski jezik sadrži glasove i karaktere koji se razlikuju od engleskog jezika. Zbog toga je interesantno analizirati koliko dobro isti model prepoznaje govor na različitim jezicima.,42.30769230769231
tiny,float32,cpu,21,21govornik3.wav,govornik3,srednji,14.571,1.119,0.0768,True,436.69,552.88,116.19,0.356,"Kontizacijom uvičava da seneorom ski modu, izvršava korićče, mane pred znik numerćkich formata. A te način mogu će je smaniti potrošnjum mimo rje i obrza tijizvršenjuz prihvati djupromenu tčnosti.",Kvantizacija omogućava da se neuronski model izvršava korišćenjem manje preciznih numeričkih formata. Na taj način moguće je smanjiti potrošnju memorije i ubrzati izvršavanje uz prihvatljivu promenu tačnosti.,88.88888888888889
tiny,float32,cpu,22,22govornik3.wav,govornik3,srednji,14.652,1.138,0.0777,True,436.67,551.86,115.19,0.356,"Šoje kto komobično grazgover često pravi kratke paozi, mene brzino ghova i zastanj neka kubi razmislio. Sistim za prepoznavalj ne ghova morada budet dovojno robusten da pravilno obradite taky situacije.","Čovek tokom običnog razgovora često pravi kratke pauze, menja brzinu govora ili zastane kako bi razmislio. Sistem za prepoznavanje govora mora da bude dovoljno robustan da pravilno obradi takve situacije.",73.33333333333333
tiny,float32,cpu,23,23govornik3.wav,govornik3,srednji,12.214,1.001,0.0819,True,436.56,552.8,116.25,0.356,"Danas postovede ki broj aplikacija koje koriste vešta ško indilegendciu. Ona se premenju, obindicijne, industrij obrozuvaniu, sabraču, finansijama i mnogim sva konedniu, dege i talnim servissima.","Danas postoji veliki broj aplikacija koje koriste veštačku inteligenciju. Ona se primenjuje u medicini, industriji, obrazovanju, saobraćaju, finansijama i mnogim svakodnevnim digitalnim servisima.",73.91304347826086
tiny,float32,cpu,24,24govornik3.wav,govornik3,srednji,11.645,0.986,0.0847,True,436.59,552.81,116.22,0.356,"Kada se zvusno, signalo doda šum nekereču postaju teže razumniu. Što je nevo šuma veću odnosu negor, s systemuje teže da napraviti tajno transcriptju celog snimk.","Kada se zvučnom signalu doda šum, neke reči postaju teže razumljive. Što je nivo šuma veći u odnosu na govor, sistemu je teže da napravi tačnu transkripciju celog snimka.",55.172413793103445
tiny,float32,cpu,25,25govornik3.wav,govornik3,srednji,14.303,1.177,0.0823,True,436.6,552.76,116.16,0.356,"Prenejo što rezultate eksperimente možemo pravno no do potrebimo, potrebno jako risiti istivolo zne podatke jasno definijice ne metrike. Na tejnačni razli kori rezultate ja možete se poveže sa pravnojno koju zaaprovo i spitujimo.","Pre nego što rezultate eksperimenta možemo pravilno da uporedimo, potrebno je koristiti iste ulazne podatke i jasno definisane metrike. Na taj način razlika u rezultatima može da se poveže sa promenom koju zapravo ispitujemo.",73.52941176470588
tiny,float32,cpu,26,26govornik1.wav,govornik1,dugi,31.092,2.173,0.0699,True,436.54,556.91,120.37,0.356,"Automansko pripoznavenje gowora presta vja oblast veštajčka inteligencije koje se bavi pretvarajem zvusšnu ksi gnava u tekst. Sa avremini sistemikoristem o deleddu buku gucenja, koji mogu da nalizirju kompleksne karakteristike Čeljutsko gowora. Nihove performance mogu da za visi odjezika koji teta mikrofona, prisu sa pozadinskog šuma, brzine gowora i karakteristike samog gowarnik. Zbog toge prilikom evalo acivažno koristiti razđete vrste zvusšnji zapisa.","Automatsko prepoznavanje govora predstavlja oblast veštačke inteligencije koja se bavi pretvaranjem zvučnog signala u tekst. Savremeni sistemi koriste modele dubokog učenja koji mogu da analiziraju kompleksne karakteristike ljudskog govora. Njihove performanse mogu da zavise od jezika, kvaliteta mikrofona, prisustva pozadinskog šuma, brzine govora i karakteristika samog govornika. Zbog toga je prilikom evaluacije važno koristiti različite vrste zvučnih zapisa.",67.24137931034483
tiny,float32,cpu,27,27govornik1.wav,govornik1,dugi,27.458,1.66,0.0604,True,436.6,552.91,116.3,0.356,"Jedno gji u trekreno o samam tomu bilom prema gradu nešto rani je nego obično. Sa obreciju početku bio veoma slab, ali se pribižavnjem centru broj vozila postepeno povičava. Dok sam čekonna sema foruneradiu sugovorili ovreme skuprognosi za narenih nekoliko dana. Nejavjenu je sončanovreme, ali imog ujsno s kratko treniki iše to komvikenda. Kere sam stiigao, parkirosa na o tom obil i nastavio pešice.","Jednog jutra krenuo sam automobilom prema gradu nešto ranije nego obično. Saobraćaj je u početku bio veoma slab, ali se približavanjem centru broj vozila postepeno povećavao. Dok sam čekao na semaforu, na radiju su govorili o vremenskoj prognozi za narednih nekoliko dana. Najavljeno je sunčano vreme, ali i mogućnost kratkotrajne kiše tokom vikenda. Kada sam stigao, parkirao sam automobil i nastavio pešice.",70.96774193548387
tiny,float32,cpu,28,28govornik1.wav,govornik1,dugi,30.697,2.265,0.0738,True,436.7,555.12,118.43,0.356,"Višper postujivviše veli čina modela, odvejam a mali kdoznatno većih modela, mani modeli zahteviju mani mimo rje i uglavno ugoćavaju baržu transcripciju, dohveći modeli mogu da pruže veću tarsnoc zahtivnijim ustlojimo. Zbog toga izbormo dela presteviakom promis izmedi u kwaliteta transcripciji potrebnih karečunarskich resursa. Taj kom promis je posemnovažen kare se sistemi zvaršemena obično mrčunaru, pez nažnoj gravičkje kartice.","Whisper postoji u više veličina modela, od veoma malih do znatno većih modela. Manji modeli zahtevaju manje memorije i uglavnom omogućavaju bržu transkripciju, dok veći modeli mogu da pruže veću tačnost u zahtevnijim uslovima. Zbog toga izbor modela predstavlja kompromis između kvaliteta transkripcije i potrebnih računarskih resursa. Taj kompromis je posebno važan kada se sistem izvršava na običnom računaru bez snažne grafičke kartice.",74.60317460317461
tiny,float32,cpu,29,29govornik2.wav,govornik2,dugi,34.969,2.096,0.0599,True,437.56,557.05,119.49,0.356,"Pozled in skižum presta vle jedan od najčeštih problema, kod sistema za automatsko prepoznava njegovora. Urelnom okruženju mikrofon ne snima samo glasov sobe veti zvuk automobila ventilatora drugih ljudi i limusikie. A kojegovor dovolnost naža u odnosu našum, transkrypcija može ostati vea oma dobra. Medjutim, kada se odnosignala išumasmanju je, broj pogrešno prepozna tih reći uglavnom počinje da razd.","Pozadinski šum predstavlja jedan od najčešćih problema kod sistema za automatsko prepoznavanje govora. U realnom okruženju mikrofon ne snima samo glas osobe već i zvuk automobila, ventilatora, drugih ljudi ili muzike. Ako je govor dovoljno snažan u odnosu na šum, transkripcija može ostati veoma dobra. Međutim, kada se odnos signala i šuma smanjuje, broj pogrešno prepoznatih reči uglavnom počinje da raste.",59.01639344262295
tiny,float32,cpu,30,30govornik2.wav,govornik2,dugi,37.756,2.284,0.0605,True,437.57,557.13,119.57,0.356,"Kad razvijamo sistem koj treba da radi u realnom vremenu, nije dovolno posmatrati samo njegovu tacimust. Potrebno analizira tiko liko vremena modelu treba da obradi odredgenu kuljčinu zvuka. A kobra da peci kundi govora traje kraće od peci kundi, sistem potenzijamo može da prati govor bestalno povećavenja kašnienia. Zbog toga su latencija i faktor realno gvremena veoma korisne metrike priglikom evaluacije o vakvij sistema.","Kada razvijamo sistem koji treba da radi u realnom vremenu, nije dovoljno posmatrati samo njegovu tačnost. Potrebno je analizirati koliko vremena modelu treba da obradi određenu količinu zvuka. Ako obrada pet sekundi govora traje kraće od pet sekundi, sistem potencijalno može da prati govor bez stalnog povećavanja kašnjenja. Zbog toga su latencija i faktor realnog vremena veoma korisne metrike prilikom evaluacije ovakvih sistema.",41.269841269841265
tiny,float32,cpu,31,31govornik2.wav,govornik2,dugi,34.969,2.024,0.0579,True,437.56,557.05,119.48,0.356,"Prenej koliko dana organizovali smo malo okuplenje se prijatelima. Dokovor je bio da se svi nađemo oku 6 sati, ali je nekuliko Čudi kasnilo zbog sa obraćeja. Doko smo iščekali, rozgovarali smo oposlu, putovanima i planovima za naradne mesice. Kasnije smo narucili večeru i ostali zajedno nekuliko sati. I ako niste posivno nije bilo planirano večerje na kraju bilo vea oma za nimljivo i prijatno.","Pre nekoliko dana organizovali smo malo okupljanje sa prijateljima. Dogovor je bio da se svi nađemo oko šest sati, ali je nekoliko ljudi kasnilo zbog saobraćaja. Dok smo ih čekali, razgovarali smo o poslu, putovanjima i planovima za naredne mesece. Kasnije smo naručili večeru i ostali zajedno nekoliko sati. Iako ništa posebno nije bilo planirano, veče je na kraju bilo veoma zanimljivo i prijatno.",51.5625
tiny,float32,cpu,32,32govornik3.wav,govornik3,dugi,27.968,1.957,0.07,True,437.56,553.73,116.17,0.356,Luzkiviviviviviviviviviviviviviviviviviviviviviviviviviviviviviviviviviviviviviviviviviviviviviviviviviviviviviviviviviviviviviviviviviviviviviviviviviviviviviviviviviviviviviviviviviviviviviviviviviviviviviviviviviviviviviviviviviviviviviviviviviviviviviviviviviviviviviviviviviviviviviviviviviviviviviviviviviviviviviviviviviviviviviviviviviviviviviviviviviviviviviviviviviviviviviviviviviviviviviviviviviviviviviviviviviviviviviviviviviviviv,"Ljudski govor nije potpuno konstantan signal. Neko govori brzo, neko sporije, a pojedini govornici prave veoma duge pauze između rečenica. Razlikuju se i visina glasa, naglasak, način izgovora i jačina govora. Sistem koji postiže odlične rezultate kod jednog govornika zato ne mora nužno da postigne iste rezultate kod druge osobe. Korišćenje više govornika omogućava realniju procenu sposobnosti modela da generalizuje.",100.0
tiny,float32,cpu,33,33govornik3.wav,govornik3,dugi,31.254,2.289,0.0732,True,437.52,556.07,118.54,0.356,"Vojse aktiviti detekšin, koristi se zavra razli kvali je djela zvuršlju zapisu kojima posti gowr o djelavo kojima se navazitišina. Akos nimo, kse držiđi djugi pierjeli bez gowra, iho kvali je môžete da smanje kuičinu podateka kojim modlmora da obradi. Mi jutimo, gori to mora poždiu da obradu četak i kraj gowra i je previše agresinu kvali je njimožete da od seče djelavo izgavare neredši tako negativno tijčina. Transcripcio.","Voice Activity Detection koristi se za razlikovanje delova zvučnog zapisa u kojima postoji govor od delova u kojima se nalazi tišina. Ako snimak sadrži duge periode bez govora, njihovo uklanjanje može da smanji količinu podataka koju model mora da obradi. Međutim, algoritam mora pažljivo da odredi početak i kraj govora, jer previše agresivno uklanjanje može da odseče deo izgovorene reči i tako negativno utiče na transkripciju.",83.33333333333334
tiny,float32,cpu,34,34govornik3.wav,govornik3,dugi,33.088,2.199,0.0665,True,435.74,555.21,119.47,0.356,"Bim serč prestali, jedan od načine prnovaženje Veravatne se kvenci rečit okom deko diranja rezultatte modela Vete vrennoz parametra Omugućeva, rezmatrne veći kbrevo mogući i kendi data li stovrevi no možite, poveće vrenme potrljnozobrdu Zbuktove je koristno eksperimentano Pro verity dalje i povećanje Bim size parametra Za istedno nosji znaceno Pobljusjani tačnosti i kodiko dodatnich Radšinar skich je rezursse zechteva","Beam search predstavlja jedan od načina pronalaženja verovatne sekvence reči tokom dekodiranja rezultata modela. Veća vrednost parametra omogućava razmatranje većeg broja mogućih kandidata, ali istovremeno može da poveća vreme potrebno za obradu. Zbog toga je korisno eksperimentalno proveriti da li povećanje beam size parametra zaista donosi značajno poboljšanje tačnosti i koliko dodatnih računarskih resursa zahteva.",92.72727272727272
tiny,float32,cpu,35,35govornik3.wav,govornik3,dugi,29.06,1.766,0.0608,True,436.64,552.4,115.76,0.356,"Prledikom izvodinaj eksperimenta, vjamaj varno menjati jedno kategi rejstiku systema do kostal u sluvnostaju isti. Akustove remino promenio i o model jezik, kve tezvukaj parametre dokodiraj na tešku možemo te zakljudčimo zbukčegaj resultat posto boli i iloši. Kontrovisno i eksperimenti mogu i čavio jasni je proreženje razičiti konfiguraciji ideju pozdanujivostno izvodinaj zakljudčika oponasionju systema.","Prilikom izvođenja eksperimenta veoma je važno menjati jednu karakteristiku sistema dok ostali uslovi ostaju isti. Ako istovremeno promenimo model, jezik, kvalitet zvuka i parametre dekodiranja, teško možemo da zaključimo zbog čega je rezultat postao bolji ili lošiji. Kontrolisani eksperimenti omogućavaju jasnije poređenje različitih konfiguracija i daju pouzdaniju osnovu za izvođenje zaključaka o ponašanju sistema.",92.5925925925926
tiny,float32,cpu,36,36govornik1.wav,govornik1,veoma_dugi,69.01,4.363,0.0632,True,437.21,557.15,119.94,0.356,"Savrmini sistemi z Automatsko prepoznamenje govara i mjuvelik broj praktičnich primeno. Mogu se korisi titi za automatsko pravnije transkripeta, sastanka, generisanje titlava, glasavne asistente, pretregu mutu i merijanluk sadažeja i pobošanje pristu pašnacedi gitanik sistema. I pa kvalitet nihogog rada zavisio dvele kuk broję faktor, govrnicijmi ur razačite glasavne, akcente i brzijne govara. Dursnijmci mogu nastati korisi njem rajčiti kimi krvone i u razačiti prostoria. Dolatnim promljem precaja pozdinskisum, sistem koji vejama dobro radajutihu prostori nemoreda pozcignijstje rezultat na ulici i u tomu bilu. Zbog toga evalovacije sistema nebitrevalo da bude za stavanana na samo jednom zvusšam zapisu. Potornu nekorisi tvše govrnica, razačite tuži neslima ka i razačite ustlode. Po retačnosti, zreskripcije varnojnalizijrati vremizvarsavani. Potrošnjum imorije i sposobno sistema da obradio zvuk dovolnom brzosa praktičnu primenu.","Savremeni sistemi za automatsko prepoznavanje govora imaju veliki broj praktičnih primena. Mogu se koristiti za automatsko pravljenje transkripata sastanaka, generisanje titlova, glasovne asistente, pretragu multimedijalnog sadržaja i poboljšanje pristupačnosti digitalnih sistema. Ipak, kvalitet njihovog rada zavisi od velikog broja faktora. Govornici imaju različite glasove, akcente i brzine govora, dok snimci mogu nastati korišćenjem različitih mikrofona i u različitim prostorijama. Dodatni problem predstavlja pozadinski šum. Sistem koji veoma dobro radi u tihoj prostoriji ne mora da postigne isti rezultat na ulici ili u automobilu. Zbog toga evaluacija sistema ne bi trebalo da bude zasnovana na samo jednom zvučnom zapisu. Potrebno je koristiti više govornika, različite dužine snimaka i različite uslove. Pored tačnosti transkripcije, važno je analizirati vreme izvršavanja, potrošnju memorije i sposobnost sistema da obrađuje zvuk dovoljno brzo za praktičnu primenu.",74.61538461538461
tiny,float32,cpu,37,37govornik2.wav,govornik2,veoma_dugi,82.431,4.535,0.055,True,438.62,557.71,119.09,0.356,"Kada goworimo o performancea, mamo dela za prepoznava nje gowora, posto je 2 različite stvari koje želi mamo da postignemo. Prveje što taczni i transcript, a druga što efikasni je izvršalani. Veći model môže polje da prepozna, komplicovanerečenice i ligovor u težim u sluima, ali sto vremeno môže za teveti mnogoviši mimo rije i vremena. Mamo nje model môže biti nešto manje precizen, ali dovolno brz da se koristina običnom laptopu. Quantizacija presta vle još jeda načim optimizacije i je omogućeva koristinje numeričko formata manje preciznosti. Timo se môže smaniti količina potrebne mimo rije i u brzati obrada. Medjutim svaka optimizacija mora da bude experimentalno proverina. Mije dovolno pokazati da jedna konfiguracija brža. Potrebno je proveriti dalje njenatacnost ostala prihvativa. Upravozatu se koristem metrike kao što su vord error rat, latencija i realn team, faktor koju omogućave jo da različite konfiguracije modela budu upoređene na objektivannaci.","Kada govorimo o performansama modela za prepoznavanje govora, postoje dve različite stvari koje želimo da postignemo. Prva je što tačniji transkript, a druga što efikasnije izvršavanje. Veći model može bolje da prepozna komplikovane rečenice ili govor u težim uslovima, ali istovremeno može zahtevati mnogo više memorije i vremena. Manji model može biti nešto manje precizan, ali dovoljno brz da se koristi na običnom laptopu. Kvantizacija predstavlja još jedan način optimizacije jer omogućava korišćenje numeričkog formata manje preciznosti. Time se može smanjiti količina potrebne memorije i ubrzati obrada. Međutim, svaka optimizacija mora da bude eksperimentalno proverena. Nije dovoljno pokazati da je jedna konfiguracija brža. Potrebno je proveriti i da li je njena tačnost ostala prihvatljiva. Upravo zato se koriste metrike kao što su Word Error Rate, latencija i Real-Time Factor, koje omogućavaju da različite konfiguracije modela budu upoređene na objektivan način.",60.99290780141844
tiny,float32,cpu,38,38govornik2.wav,govornik2,veoma_dugi,64.459,3.639,0.0565,True,436.78,557.16,120.39,0.356,Prosljene ide je imo osam prilicčno i spunjendan. Uju trusam ustavaranije i rsem oroda za vršim nekuliko obave za pre odlaska ugrad. Postle doručka proverio sam poruke pripremio stvari koji su mi bile potrebne i kreno automobilu. Na putuje bilo više se obreće nego što samočekivo. Pami je trebalo skoro pola sata do stignem do centra. Prvo sam otis šo do prodavnici za tim do banki a na kontoga sam se našao se prijetili koje gni sam video nekuliko mesici. Rozgavarali smo oposlu putovanima i planovima za narjednogodino. Postle rucka vreme se iznena da promenilo i počela i jaka kisra. Saczikali smo nekuliko minuta da se vreme malo smiri a onda smo kreno li kuci. Kad se sam se vratio nastavio sam da radim na racunaru. Uviče sam za vroši o preostal je obovezi i odluci od ostatek dana provedemo dmara jućise.,"Prošle nedelje imao sam prilično ispunjen dan. Ujutru sam ustao ranije jer sam morao da završim nekoliko obaveza pre odlaska u grad. Posle doručka proverio sam poruke, pripremio stvari koje su mi bile potrebne i krenuo automobilom. Na putu je bilo više saobraćaja nego što sam očekivao, pa mi je trebalo skoro pola sata da stignem do centra. Prvo sam otišao do prodavnice, zatim do banke, a nakon toga sam se našao sa prijateljem kojeg nisam video nekoliko meseci. Razgovarali smo o poslu, putovanjima i planovima za narednu godinu. Posle ručka vreme se iznenada promenilo i počela je jaka kiša. Sačekali smo nekoliko minuta da se vreme malo smiri, a onda smo krenuli kući. Kada sam se vratio, nastavio sam da radim na računaru. Uveče sam završio preostale obaveze i odlučio da ostatak dana provedem odmarajući se.",59.854014598540154
tiny,float32,cpu,39,39govornik3.wav,govornik3,veoma_dugi,62.613,4.047,0.0646,True,438.61,557.08,118.47,0.356,"Sistim koju braćo goju realnom vremenu morada rasšavanje što drugi atši, provemo systema koji dobije kompletna odio zapis. Kod klasišne trenskripci, modo moži da dobije čito snimak i zaatim gobradi. Kod realnom vremena zvuk neprestlina prstijži, pogaj potrebno poddeliti na manje delve. A kukoristimo veamo gradke segmente, sistemože brzda da prikaži rezultat, ali modelima manje kontekst za pravimo pripoznavanje rečenice. Se drugi strane kukoristimo duga segmente, modo dobije vše konteksta, ali koristik mora duži da čeka narzultat. Zbuk toga izborveličenje segmenta, prestaviak kompromisizmizju, kla tentje je i kvaliteta trenskripci. Na prima je mogu su porejte segmenti od 25 dešci kondi. De svaku, konfiguraciju mogući izmeriti vreme obrade, faktorealno gvremina i tajšnosti konasčno k transkripta. Tako eksperimento mogućava da se utvrdi, koja konfiguraciju prestaviak najbolji kompromis za praktyčan sistem.","Sistem koji obrađuje govor u realnom vremenu mora da rešava nešto drugačiji problem od sistema koji dobije kompletan audio zapis. Kod klasične transkripcije model može da dobije čitav snimak i zatim ga obradi. Kod realnog vremena zvuk neprestano pristiže, pa ga je potrebno podeliti na manje delove. Ako koristimo veoma kratke segmente, sistem može brzo da prikaže rezultat, ali model ima manje konteksta za pravilno prepoznavanje rečenice. Sa druge strane, ako koristimo duge segmente, model dobija više konteksta, ali korisnik mora duže da čeka na rezultat. Zbog toga izbor veličine segmenta predstavlja kompromis između latencije i kvaliteta transkripcije. Na primer, mogu se uporediti segmenti od dve, pet i deset sekundi. Za svaku konfiguraciju moguće je izmeriti vreme obrade, faktor realnog vremena i tačnost konačnog transkripta. Takav eksperiment omogućava da se utvrdi koja konfiguracija predstavlja najbolji kompromis za praktičan sistem.",64.02877697841727
tiny,float32,cpu,40,40govornik3.wav,govornik3,veoma_dugi,79.772,4.105,0.0515,True,436.75,557.6,120.85,0.356,"Cil eksperimentalne ljezi systema zutumatsko prepozdavanje govara je steda se od tvardi, kako razišiti fakturu tijčunan je govrat. Možemo menjati vječinu modela, nevo pozadinsku ksuma jezi govrnika parametre dekodireja način quantizacij i koristin algoritma zaditekcu govara. Svaki eksperiment treba organizati tako da možemo jasno do od tvardivo poslijci od ređene promene. Resultati se zatim ovu posmatrdi kroz više metrika. Vore ero ređe pokazuji kodikose prepoznatitek se razdijku i odtacznog referentnog transklipta. Potrino zaobrido doke reld time factor povezuji vreme obrede sa trajem samog zvusnog zapisa. Potroslim imori je poslimno začinog kada model treba de radina uredijem maso ugradećelim resursima. Kombino ovih rezultati možemo da pro naljemo konfiguracju koja nemora biti najbola prima. Svako je podinjašno je metrici, ali prestavo je dobar kompromis izmeju tacznosti, burzine i potrebnich rečinom razdkijke resursa.","Cilj eksperimentalne analize sistema za automatsko prepoznavanje govora jeste da se utvrdi kako različiti faktori utiču na njegov rad. Možemo menjati veličinu modela, nivo pozadinskog šuma, jezik govornika, parametre dekodiranja, način kvantizacije ili korišćenje algoritma za detekciju govora. Svaki eksperiment treba organizovati tako da možemo jasno da utvrdimo posledice određene promene. Rezultati se zatim mogu posmatrati kroz više metrika. Word Error Rate pokazuje koliko se prepoznati tekst razlikuje od tačnog referentnog transkripta. Latencija pokazuje koliko vremena je potrebno za obradu, dok Real-Time Factor povezuje vreme obrade sa trajanjem samog zvučnog zapisa. Potrošnja memorije je posebno značajna kada model treba da radi na uređajima sa ograničenim resursima. Kombinovanjem ovih rezultata možemo da pronađemo konfiguraciju koja ne mora biti najbolja prema svakoj pojedinačnoj metrici, ali predstavlja dobar kompromis između tačnosti, brzine i potrebnih računarskih resursa.",72.38805970149254
base,int8,cpu,1,1govornik1.wav,govornik1,kratki,7.605,1.233,0.1621,True,371.89,527.44,155.55,0.582,Veshtočka inteligencija omu gučava ročunarima da rešavaju složene probleme i analiziraju veliki količine podataka.,Veštačka inteligencija omogućava računarima da rešavaju složene probleme i analiziraju velike količine podataka.,38.46153846153847
base,int8,cpu,2,2govornik1.wav,govornik1,kratki,6.78,2.029,0.2992,True,372.73,528.01,155.28,0.582,"Automacko prepoznavanje govora, pretvara izgovorine reći u tekst koji racunar može dalje da obradju.",Automatsko prepoznavanje govora pretvara izgovorene reči u tekst koji računar može dalje da obrađuje.,35.714285714285715
base,int8,cpu,3,3govornik1.wav,govornik1,kratki,5.828,1.17,0.2007,True,226.3,442.99,216.69,0.582,Dana sje veoma prijetan dan. Pasmo dlučili da prositamo kroz center grada posliručka.,"Danas je veoma prijatan dan, pa smo odlučili da prošetamo kroz centar grada posle ručka.",66.66666666666666
base,int8,cpu,4,4govornik1.wav,govornik1,kratki,7.291,1.031,0.1414,True,288.06,443.14,155.08,0.582,"Novira čunari imaju brze procesore, više memoria i znatno bolje performance nego predchone generacije.","Novi računari imaju brže procesore, više memorije i znatno bolje performanse nego prethodne generacije.",42.857142857142854
base,int8,cpu,5,5govornik2.wav,govornik2,kratki,9.334,1.115,0.1194,True,288.25,443.31,155.06,0.582,Mašinsko učinje koristipodatke kako bi model naučijo da prepoznaje obrastce i donosi odgovarajuće odluk.,Mašinsko učenje koristi podatke kako bi model naučio da prepoznaje obrasce i donosi odgovarajuće odluke.,40.0
base,int8,cpu,6,6govornik2.wav,govornik2,kratki,7.895,1.052,0.1332,True,288.36,443.31,154.95,0.582,"Sutre u jutru moram da završim nekoliko obave za, a zatim planiram da se vidim sa prijatelima.","Sutra ujutru moram da završim nekoliko obaveza, a zatim planiram da se vidim sa prijateljima.",40.0
base,int8,cpu,7,7govornik2.wav,govornik2,kratki,8.731,1.257,0.144,True,288.36,443.34,154.99,0.582,"Koalite zvučnog zapisa, može znacenju da u tiče na tačnost sistema za automatsko prepoznavanie govor.",Kvalitet zvučnog zapisa može značajno da utiče na tačnost sistema za automatsko prepoznavanje govora.,42.857142857142854
base,int8,cpu,8,8govornik3.wav,govornik3,kratki,5.213,1.292,0.2479,True,288.39,443.35,154.96,0.582,"Temperature tokom noći nagle opala, ali se očekuje, leće sutra vreme ponovobiti toplje.","Temperatura je tokom noći naglo pala, ali se očekuje da će sutra vreme ponovo biti toplije.",56.25
base,int8,cpu,9,9govornik3.wav,govornik3,kratki,5.341,1.072,0.2008,True,288.4,392.68,104.29,0.582,"No hronskim reže danasi koristili za obradu slike teksta, zvukaj, mnoh i druhih vrsta politika.","Neuronske mreže danas se koriste za obradu slike, teksta, zvuka i mnogih drugih vrsta podataka.",66.66666666666666
base,int8,cpu,10,10govornik3.wav,govornik3,kratki,5.596,1.038,0.1856,True,288.45,443.47,155.03,0.582,Dobar sistemora i stovremeno da bode dovoljno bras precizani povzan u razičiti musluvim.,"Dobar sistem mora istovremeno da bude dovoljno brz, precizan i pouzdan u različitim uslovima.",71.42857142857143
base,int8,cpu,11,11govornik1.wav,govornik1,srednji,16.463,1.339,0.0813,True,288.52,444.13,155.61,0.582,"Savrimini sistemi za automacko prepozavania govora koriste dvike neoronskjem reže kako bi analizirali zvučni signal i pretvorili ga u tekst. Njihova tačno zavisti u modela, kvaliteta snimka, jezika i karakteristika govornika.","Savremeni sistemi za automatsko prepoznavanje govora koriste duboke neuronske mreže kako bi analizirali zvučni signal i pretvorili ga u tekst. Njihova tačnost zavisi od modela, kvaliteta snimka, jezika i karakteristika govornika.",29.03225806451613
base,int8,cpu,12,12govornik1.wav,govornik1,srednji,12.725,1.334,0.1048,True,289.18,443.89,154.7,0.582,"Juče sam krenu od u grada nešto rani je nego obično. No ulicama ni je bilo mnogu ljudi, pa sam brzu zaversiva sve ova veze. Nakon toga sam se je ovo obližni kafeć i se čekao prijetelja.","Juče sam krenuo do grada nešto ranije nego obično. Na ulicama nije bilo mnogo ljudi, pa sam brzo završio sve obaveze. Nakon toga sam seo u obližnji kafić i sačekao prijatelja.",67.74193548387096
base,int8,cpu,13,13govornik1.wav,govornik1,srednji,15.081,1.426,0.0945,True,288.93,443.94,155.01,0.582,"Viszper je moda za automacko prepoznalenje govor, koji može da radisa verikim brojem jezika. Faster Viszper koristij optimizovanu implementaciju kojo mogućava je hvikastnje izvarsavanie i manju potrošnju računarskih resursa.",Whisper je model za automatsko prepoznavanje govora koji može da radi sa velikim brojem jezika. Faster-Whisper koristi optimizovanu implementaciju koja omogućava efikasnije izvršavanje i manju potrošnju računarskih resursa.,51.724137931034484
base,int8,cpu,14,14govornik1.wav,govornik1,srednji,15.604,1.543,0.0989,True,288.99,443.99,155.0,0.582,"Kad razgovoramo u tihu i prostori, sistemu glavnom može veoma jasno da pre poznaj izgovore nereći. Medjutim, saobraćaj, muzika, razgovor, drugi hrjudi i različiti izvorišuma mogu znacajno da otegžaju transkribeciju.","Kada razgovaramo u tihoj prostoriji, sistem uglavnom može veoma jasno da prepozna izgovorene reči. Međutim, saobraćaj, muzika, razgovor drugih ljudi i različiti izvori šuma mogu značajno da otežaju transkripciju.",65.51724137931035
base,int8,cpu,15,15govornik1.wav,govornik1,srednji,17.427,1.418,0.0814,True,289.04,439.88,150.84,0.582,"Tokom razvoje software aplikacije pro gameri prvo analiziriju zahteve koristnika, zatim projektaju system implementiriju potrme funkcionalnosti. Nakon toga slede testiranje, izpravljenje grešeka i postavljenje aplikaciju produkciono okruženje.","Tokom razvoja softverske aplikacije programeri prvo analiziraju zahteve korisnika, zatim projektuju sistem i implementiraju potrebne funkcionalnosti. Nakon toga slede testiranje, ispravljanje grešaka i postavljanje aplikacije u produkciono okruženje.",57.14285714285714
base,int8,cpu,16,16govornik2.wav,govornik2,srednji,17.647,1.485,0.0842,True,289.96,445.03,155.06,0.582,Prošlog vikenda smodlučili da provedemo danu prirodi. Vreme je bilo sunčano i prijatno. Pa smo poneli hranu i nekoliko svari koje su nam bile potrebne. Wratili smo se kući tek predveče.,"Prošlog vikenda smo odlučili da provedemo dan u prirodi. Vreme je bilo sunčano i prijatno, pa smo poneli hranu i nekoliko stvari koje su nam bile potrebne. Vratili smo se kući tek predveče.",18.181818181818183
base,int8,cpu,17,17govornik2.wav,govornik2,srednji,16.579,1.557,0.0939,True,290.07,445.04,154.96,0.582,"Veći modeli mašinskog učenja često mogu da postignu veću tačnost, ali zahtevaju više memoria i procesorske snage. Zbog toga najveći model nije uvek najbolji izbor za praktyčno primenu.","Veći modeli mašinskog učenja često mogu da postignu veću tačnost, ali zahtevaju više memorije i procesorske snage. Zbog toga najveći model nije uvek najbolji izbor za praktičnu primenu.",7.142857142857142
base,int8,cpu,18,18govornik2.wav,govornik2,srednji,18.204,1.339,0.0736,True,290.08,436.88,146.79,0.582,"Brzina, automatskog prepoznavanja govora, posivno je vajna kod aplikacije koje radje u realnom vremenu. Koristnik očekuje da sistem reaguje bırzo i da se transkript poja bluje bez primetno kašnjenja.",Brzina automatskog prepoznavanja govora posebno je važna kod aplikacija koje rade u realnom vremenu. Korisnik očekuje da sistem reaguje brzo i da se transkript pojavljuje bez primetnog kašnjenja.,32.142857142857146
base,int8,cpu,19,19govornik2.wav,govornik2,srednji,16.904,1.308,0.0774,True,290.13,444.94,154.81,0.582,"Kad sam jutrosu ključio računar, prvo sam proverio elektronsku poštu i poruki. Povse toga sam otvorio projekat, na kojem trenutno radim i nastavio implementaciju funcionalnosti koju sam zapocio predhodno kdana.","Kada sam jutros uključio računar, prvo sam proverio elektronsku poštu i poruke. Posle toga sam otvorio projekat na kojem trenutno radim i nastavio implementaciju funkcionalnosti koju sam započeo prethodnog dana.",30.0
base,int8,cpu,20,20govornik2.wav,govornik2,srednji,16.208,1.381,0.0852,True,289.99,445.14,155.15,0.582,Serbski jezik sadrži glasovje i karaktere koji se razlikuju od englesko jezika. Zbog toga je interesantno analizirati koliko dobro isti model prepoznaja govor na razlečitim jezicima.,Srpski jezik sadrži glasove i karaktere koji se razlikuju od engleskog jezika. Zbog toga je interesantno analizirati koliko dobro isti model prepoznaje govor na različitim jezicima.,19.230769230769234
base,int8,cpu,21,21govornik3.wav,govornik3,srednji,14.571,1.409,0.0967,True,290.19,445.14,154.95,0.582,Kontizacijom ugećava da se neuromski model izvršava koristjene manje preciznih numerickih formata. Na te način moguće je smanjeti potrošnje o memoria i ubrzati izvršenjivu z prihvatni u promenu tačnosti.,Kvantizacija omogućava da se neuronski model izvršava korišćenjem manje preciznih numeričkih formata. Na taj način moguće je smanjiti potrošnju memorije i ubrzati izvršavanje uz prihvatljivu promenu tačnosti.,51.85185185185185
base,int8,cpu,22,22govornik3.wav,govornik3,srednji,14.652,1.465,0.1,True,290.18,445.18,155.0,0.582,"Čovjek to komobično grazgovaro često pravi kratke paoze, menje brzino govora i zastanika koji razmislju. Sistim za prepoznalnje govora mora da budet dovojno robustanda pravilno obradi takve situacije.","Čovek tokom običnog razgovora često pravi kratke pauze, menja brzinu govora ili zastane kako bi razmislio. Sistem za prepoznavanje govora mora da bude dovoljno robustan da pravilno obradi takve situacije.",60.0
base,int8,cpu,23,23govornik3.wav,govornik3,srednji,12.214,1.31,0.1073,True,290.23,445.18,154.95,0.582,"Da na spostoje veliki broje aplikacija koje koriste veštačko inteligenciju. Ona se primenju o medicini, industrije, obrazovani, u savbraću, finansijema i množim svakonenim digitalnim servisima.","Danas postoji veliki broj aplikacija koje koriste veštačku inteligenciju. Ona se primenjuje u medicini, industriji, obrazovanju, saobraćaju, finansijama i mnogim svakodnevnim digitalnim servisima.",60.86956521739131
base,int8,cpu,24,24govornik3.wav,govornik3,srednji,11.645,1.283,0.1101,True,290.22,421.8,131.58,0.582,"Kada se zlušnom signalu doda šum nekeriči postuju teže razumnje. Što je nivo šuma veću odnosu negor, sistemuje teže da napraviti tašno transkrypciju celok snimk.","Kada se zvučnom signalu doda šum, neke reči postaju teže razumljive. Što je nivo šuma veći u odnosu na govor, sistemu je teže da napravi tačnu transkripciju celog snimka.",55.172413793103445
base,int8,cpu,25,25govornik3.wav,govornik3,srednji,14.303,1.429,0.0999,True,290.23,445.2,154.97,0.582,"Pre nego što rezultate eksperimenta možemo praveno do potrebim, potrebne koristiti i stev ulozne podatki i jasno definisene metrike. Na tej način razliko rezultati može da se poveže sa praveno koju zaprovo i spitujimo.","Pre nego što rezultate eksperimenta možemo pravilno da uporedimo, potrebno je koristiti iste ulazne podatke i jasno definisane metrike. Na taj način razlika u rezultatima može da se poveže sa promenom koju zapravo ispitujemo.",52.94117647058824
base,int8,cpu,26,26govornik1.wav,govornik1,dugi,31.092,2.843,0.0914,True,290.24,446.17,155.93,0.582,"Automacko prepoznavajne govora prestavlja oblast veštački inteligencije, koje se bavi pretvarajem zvušnog signalau text. Savrimini sistemi koriste modele dubo kogućenja koji mogu da naliziriju kompleksne karakteristike ljudskog govor. Njihove performance mogu da zavisa od jezika, kvaliteta mikrofona, prisu sa pozadnjskog šuma, brzine govora i karakteristike samog govornik. Zbog toge priliko mevaluacije, važno koristiti razžite vrste zvučnjich zapisa.","Automatsko prepoznavanje govora predstavlja oblast veštačke inteligencije koja se bavi pretvaranjem zvučnog signala u tekst. Savremeni sistemi koriste modele dubokog učenja koji mogu da analiziraju kompleksne karakteristike ljudskog govora. Njihove performanse mogu da zavise od jezika, kvaliteta mikrofona, prisustva pozadinskog šuma, brzine govora i karakteristika samog govornika. Zbog toga je prilikom evaluacije važno koristiti različite vrste zvučnih zapisa.",48.275862068965516
base,int8,cpu,27,27govornik1.wav,govornik1,dugi,27.458,1.918,0.0699,True,288.41,430.79,142.38,0.582,"Jednog jutra krenu osama u tomo bilom prema gradu nešto rani je negoovično. Sa obreći je u početku bio veoma slab, ali se približavajem centru broj vozila postepenu povećavo. No ksem čekao nas se ma for u neradiu su govorili o vremezko prognozice na denih nekoliko dana. Najavljenu je sunčano vreme, ali mogušnost kratko treni kiše tokom vikenda. Kada sam stigav, prkiru osama u tomo bil i nastavio pesice.","Jednog jutra krenuo sam automobilom prema gradu nešto ranije nego obično. Saobraćaj je u početku bio veoma slab, ali se približavanjem centru broj vozila postepeno povećavao. Dok sam čekao na semaforu, na radiju su govorili o vremenskoj prognozi za narednih nekoliko dana. Najavljeno je sunčano vreme, ali i mogućnost kratkotrajne kiše tokom vikenda. Kada sam stigao, parkirao sam automobil i nastavio pešice.",58.06451612903226
base,int8,cpu,28,28govornik1.wav,govornik1,dugi,30.697,3.043,0.0991,True,290.18,448.07,157.89,0.582,"V išper postuju v iše veli činama modela, odzveamo malih do znatno većih modela, manjima modeli zahtevi u manjimi morije i u glavnom ugočavaju baržu transkripsiju, dok većima modeli mogu da pruža veću taršnostu zahtivnijim uslojima. Zbog toga izbor modela prestali kompromis iz mediukvalitetet transkripsije i potrebnih herročunarskih resursa. Taj kompromis je posemno važen, kad se siste mi zvaršavana običan marčunaru, pesnažna graficke kartice.","Whisper postoji u više veličina modela, od veoma malih do znatno većih modela. Manji modeli zahtevaju manje memorije i uglavnom omogućavaju bržu transkripciju, dok veći modeli mogu da pruže veću tačnost u zahtevnijim uslovima. Zbog toga izbor modela predstavlja kompromis između kvaliteta transkripcije i potrebnih računarskih resursa. Taj kompromis je posebno važan kada se sistem izvršava na običnom računaru bez snažne grafičke kartice.",65.07936507936508
base,int8,cpu,29,29govornik2.wav,govornik2,dugi,34.969,2.611,0.0747,True,288.08,449.25,161.16,0.582,"Pozadinski šum prestavlja jedan od najčeštih problema koji sistema za automatsko prepoznavajne govora. U realnom okruženju mikrofon nesnima samo glaso sobe veti zvuk automobila ventilatora, drugi hljudi ili muzike. Ako je govor dovoljno snaža u odnosu na šum transkripcija može ostati veoma dobra. Medjutim, kad se odnosi gnala i šuma smanjuje broj pograšno prepozna tih reći u glavnom počinje darast.","Pozadinski šum predstavlja jedan od najčešćih problema kod sistema za automatsko prepoznavanje govora. U realnom okruženju mikrofon ne snima samo glas osobe već i zvuk automobila, ventilatora, drugih ljudi ili muzike. Ako je govor dovoljno snažan u odnosu na šum, transkripcija može ostati veoma dobra. Međutim, kada se odnos signala i šuma smanjuje, broj pogrešno prepoznatih reči uglavnom počinje da raste.",40.98360655737705
base,int8,cpu,30,30govornik2.wav,govornik2,dugi,37.756,2.702,0.0716,True,290.66,451.62,160.95,0.582,"Kad razvijamo sistem koji treba da radi u realnom vremenu, ni je dovoljno posmatrati samo njegovu tačnost. Potrebno analizirati koliko vremena modelu treba da obradi odredinu kuličinu zvoka. Ak obrada 5 sekundi govor a traje kraće od 5 sekundi, sistem potencijalno može da prati govor bez stalno odpovećavanja kašnjenja. Z bok togasu latencija i faktor realnog vremena veoma korisne metrike prilikom evaluacije ovakvi sistema.","Kada razvijamo sistem koji treba da radi u realnom vremenu, nije dovoljno posmatrati samo njegovu tačnost. Potrebno je analizirati koliko vremena modelu treba da obradi određenu količinu zvuka. Ako obrada pet sekundi govora traje kraće od pet sekundi, sistem potencijalno može da prati govor bez stalnog povećavanja kašnjenja. Zbog toga su latencija i faktor realnog vremena veoma korisne metrike prilikom evaluacije ovakvih sistema.",28.57142857142857
base,int8,cpu,31,31govornik2.wav,govornik2,dugi,34.969,2.566,0.0734,True,293.3,447.39,154.09,0.582,"Pre nekoliko dana organizovali smo malo okupljenje se prijateljima. Dokovori je bio da se svi nadjimo oko 6 sati, ali je nekoliko ljudi kasnilo z bok saobraćeja. Dok smo ih čekali, rozgovarali smo o poslu, putovanima i planovima za naredne mesece. Kasni je smo naručili većeru i ostali za jedno nekoliko sati. Jako ništa posivno ni je bilo planirano, veće je nakraju bilo veoma za nimljivo i prijetno.","Pre nekoliko dana organizovali smo malo okupljanje sa prijateljima. Dogovor je bio da se svi nađemo oko šest sati, ali je nekoliko ljudi kasnilo zbog saobraćaja. Dok smo ih čekali, razgovarali smo o poslu, putovanjima i planovima za naredne mesece. Kasnije smo naručili večeru i ostali zajedno nekoliko sati. Iako ništa posebno nije bilo planirano, veče je na kraju bilo veoma zanimljivo i prijatno.",39.0625
base,int8,cpu,32,32govornik3.wav,govornik3,dugi,27.968,1.995,0.0713,True,291.57,420.94,129.37,0.582,"Ljudski govor nije podplno Konstantan Signo, neko govori brzo neko sporije, a pojedinji govornici pravevamo dudi pa uz izmiju vrečenica. Raznikuju se je visina glasa na glasa izgovaraju i ja činna govara. Sistim koji postižo-olične rezultate, kod jedno govorinika za to nemora nuzno da postične iz terzultate kod drugi osove. Koriši neviše govorinika mu uvićava realnuju procenu sposomnosti modela... Da generalizve.","Ljudski govor nije potpuno konstantan signal. Neko govori brzo, neko sporije, a pojedini govornici prave veoma duge pauze između rečenica. Razlikuju se i visina glasa, naglasak, način izgovora i jačina govora. Sistem koji postiže odlične rezultate kod jednog govornika zato ne mora nužno da postigne iste rezultate kod druge osobe. Korišćenje više govornika omogućava realniju procenu sposobnosti modela da generalizuje.",65.0
base,int8,cpu,33,33govornik3.wav,govornik3,dugi,31.254,2.969,0.095,True,291.54,449.77,158.23,0.582,"Vois aktiviti detection, koristi se zavr, razlikovajne delava, zvušliv zapisu u kojima posti i govor, o delavu kojima se nalazi ti šina. Ako snimak se drži dugi, periodi bez govora, i hu uklanjenje može da smanje koji ćinu podate, kako je modovom morada obradi. Midjuti ima u goritom mora paždje odav obradi. Očetak i kraj i govor, jer previše agresivnu klanjenje može da odseće delo izgovare ne reduči tako negativno tičena transkripti.","Voice Activity Detection koristi se za razlikovanje delova zvučnog zapisa u kojima postoji govor od delova u kojima se nalazi tišina. Ako snimak sadrži duge periode bez govora, njihovo uklanjanje može da smanji količinu podataka koju model mora da obradi. Međutim, algoritam mora pažljivo da odredi početak i kraj govora, jer previše agresivno uklanjanje može da odseče deo izgovorene reči i tako negativno utiče na transkripciju.",74.24242424242425
base,int8,cpu,34,34govornik3.wav,govornik3,dugi,33.088,2.863,0.0865,True,290.34,446.49,156.15,0.582,"BIMSERć prestali jedanod način na proinologiđenje, verovatne sekvenci reći tokom dekodiranja rezultatama o dela. Veće vrednost parametra omuvi čeva razmatranje, većek broje mogući i hendidata ali stovremino može da poweće vreme pot rećenu za obradu. Zbog toge koristno eksperimentalno provieriti dali povećanje BIMSERć parametra zaistodono značajno pobyćanje tašnosti i koliko dodatnich radšnarskich resurs sezach teva.","Beam search predstavlja jedan od načina pronalaženja verovatne sekvence reči tokom dekodiranja rezultata modela. Veća vrednost parametra omogućava razmatranje većeg broja mogućih kandidata, ali istovremeno može da poveća vreme potrebno za obradu. Zbog toga je korisno eksperimentalno proveriti da li povećanje beam size parametra zaista donosi značajno poboljšanje tačnosti i koliko dodatnih računarskih resursa zahteva.",74.54545454545455
base,int8,cpu,35,35govornik3.wav,govornik3,dugi,29.06,1.994,0.0686,True,290.0,446.09,156.08,0.582,Privljakom izvodnje eksperimenata veamo je važno menjati jednu karakteristiku sistema do kostali u sluvi o staju isti. Ako iz tohremeno promenjima model jezik kvalitet zvukaj i parametra do kodiranja teškom možemo da zaključimo zbog čegaj rezultat posto boli ili loši. Kontrolisanje eksperimenti mogu i čavaju jasne porijedjenje različiti konfiguracije i daju pozdanuju osnovu zizvodnje zaključika oponasjaju sistema.,"Prilikom izvođenja eksperimenta veoma je važno menjati jednu karakteristiku sistema dok ostali uslovi ostaju isti. Ako istovremeno promenimo model, jezik, kvalitet zvuka i parametre dekodiranja, teško možemo da zaključimo zbog čega je rezultat postao bolji ili lošiji. Kontrolisani eksperimenti omogućavaju jasnije poređenje različitih konfiguracija i daju pouzdaniju osnovu za izvođenje zaključaka o ponašanju sistema.",68.51851851851852
base,int8,cpu,36,36govornik1.wav,govornik1,veoma_dugi,69.01,5.333,0.0773,True,291.25,451.81,160.56,0.582,"Savrimini sistemi za otomacko prepoznavanja govara imaju velik broje praktičnih primena. Mogu se koristiti za otomacko pravljnje transkripeta, sastanka, generisanje titlova, glasov neasistente, pretregu multimelijalno-k sadrgeja i pobošanje pristoparšnosti digitanih sistema. Ipak kvalitet njihovo grada zavisio od velikog broje faktor. Gorojnici imivra različite glasovje, akcente i brzine govor. Do snimci mogu nasati koristijenje mračiti mikrofoni i u različitim prostorijem. Dolatnim problem predstavljaj pozadinskišum, sistem koji veoma dobro radi u tihu i prostoriji, nemora da postivnijesti rezultat na ulici i utomu bilo. Zbog toga, evalulacije sistema nebi trevalo da bude zastomana na samo jednom zvušnom zapisu. Potrano koristiti više govor nika, različite tužinja snimaka i različite ustlje. Poretaršnosti z reskripsije važnjo analizirati vremi izvršavanja. Potrošnju memoria isposobno sistema da obradio je zvuku dovoljno brzo za praktičnu primenu.","Savremeni sistemi za automatsko prepoznavanje govora imaju veliki broj praktičnih primena. Mogu se koristiti za automatsko pravljenje transkripata sastanaka, generisanje titlova, glasovne asistente, pretragu multimedijalnog sadržaja i poboljšanje pristupačnosti digitalnih sistema. Ipak, kvalitet njihovog rada zavisi od velikog broja faktora. Govornici imaju različite glasove, akcente i brzine govora, dok snimci mogu nastati korišćenjem različitih mikrofona i u različitim prostorijama. Dodatni problem predstavlja pozadinski šum. Sistem koji veoma dobro radi u tihoj prostoriji ne mora da postigne isti rezultat na ulici ili u automobilu. Zbog toga evaluacija sistema ne bi trebalo da bude zasnovana na samo jednom zvučnom zapisu. Potrebno je koristiti više govornika, različite dužine snimaka i različite uslove. Pored tačnosti transkripcije, važno je analizirati vreme izvršavanja, potrošnju memorije i sposobnost sistema da obrađuje zvuk dovoljno brzo za praktičnu primenu.",54.61538461538461
base,int8,cpu,37,37govornik2.wav,govornik2,veoma_dugi,82.431,5.983,0.0726,True,291.02,451.71,160.68,0.582,"Kad da govorimo o performansama modela za prepoznavania govora postuje dve različite stvari koje želimo da postignemo. Prve je što tačni i transcript a druge što efikastnije izvršalani. Veći model može bolje da prepozna komplikovanje rečenice ili govor u težim uslojima, ali isto vremeno može za vtevati mnogo više memoria i vremena. Mani model može biti nešto manje precizan, ali dovolno brz da se koristi na običnom laptopu. Quantizacija prestavlja još jedan načim optimizacije jer omogućava korištjenje numeričkok formata manje preciznosti. Time se može smanje tikoličina potrebne memoria i ubrzati obrada. Medjutim svaka optimizacija mora da bude eksperimentalno proverena. Mi je dovoljno pokazati da je jedna konfiguracija brża. Potrebno je proveriti da lijenje na tačnost ostala prihvatljiva. Uprvo za to se koriste metrike kao što su vort error, rat, latencija i real team, factor koju omogućava i udarazličite konfiguracije modela, budu uporedjene na objektiva načim.","Kada govorimo o performansama modela za prepoznavanje govora, postoje dve različite stvari koje želimo da postignemo. Prva je što tačniji transkript, a druga što efikasnije izvršavanje. Veći model može bolje da prepozna komplikovane rečenice ili govor u težim uslovima, ali istovremeno može zahtevati mnogo više memorije i vremena. Manji model može biti nešto manje precizan, ali dovoljno brz da se koristi na običnom laptopu. Kvantizacija predstavlja još jedan način optimizacije jer omogućava korišćenje numeričkog formata manje preciznosti. Time se može smanjiti količina potrebne memorije i ubrzati obrada. Međutim, svaka optimizacija mora da bude eksperimentalno proverena. Nije dovoljno pokazati da je jedna konfiguracija brža. Potrebno je proveriti i da li je njena tačnost ostala prihvatljiva. Upravo zato se koriste metrike kao što su Word Error Rate, latencija i Real-Time Factor, koje omogućavaju da različite konfiguracije modela budu upoređene na objektivan način.",34.751773049645394
base,int8,cpu,38,38govornik2.wav,govornik2,veoma_dugi,64.459,5.211,0.0809,True,289.95,451.89,161.94,0.582,"Prošle nedelje imao sam prilično izpunjen dan. U jutru sam usta o ranije jer sam morao da završim nekoliko obave za pre odlaska ugrad. Posli doručka proverijo sam porukje pripremijostvari koji su mi bilo potrebne i krenov automobilo. Na puto je bilo više sa abraće nego što sam očekivo. Pamije trebalo skoro pola sata dost da stihnem do centra. Prvo sam otišo do prodavnice zatim do bankije a nakon toga sam se našao sa prijeti koje gnisam video nekoliko mesici. Rozgovarali smo o poslu putovanima i planovima za narednu godinu. Posli ručka, vreme se izne na da promenilo i počela je jaka kiša. Sacikali smo nekoliko minuta da se vreme malo smiri, a onda smo krenu li kuti. Kad sam se vratio nastavio sam da radim na racunaru. Uvici sam zavrošio preostale oboveze i odlučio da ostatak dana provedim odmarajući se.","Prošle nedelje imao sam prilično ispunjen dan. Ujutru sam ustao ranije jer sam morao da završim nekoliko obaveza pre odlaska u grad. Posle doručka proverio sam poruke, pripremio stvari koje su mi bile potrebne i krenuo automobilom. Na putu je bilo više saobraćaja nego što sam očekivao, pa mi je trebalo skoro pola sata da stignem do centra. Prvo sam otišao do prodavnice, zatim do banke, a nakon toga sam se našao sa prijateljem kojeg nisam video nekoliko meseci. Razgovarali smo o poslu, putovanjima i planovima za narednu godinu. Posle ručka vreme se iznenada promenilo i počela je jaka kiša. Sačekali smo nekoliko minuta da se vreme malo smiri, a onda smo krenuli kući. Kada sam se vratio, nastavio sam da radim na računaru. Uveče sam završio preostale obaveze i odlučio da ostatak dana provedem odmarajući se.",35.76642335766424
base,int8,cpu,39,39govornik3.wav,govornik3,veoma_dugi,62.613,5.751,0.0918,True,291.33,451.63,160.3,0.582,"System koji obrađu gov rejelnom, vremenu morada, rešava nešto drugači i provimo sistema koji dobije kompleta na odio zapis. Ko klasične transkriptcij model može da dobije čito o snima k i zatim gov obradi. Ko drjelno, gvremeno zvuk neprostano pristiže pa ga je potrebno podeliti na manje delove. A ko koristimo veamo kredke segmente, sistem može brzo da prikajže rezultat, ali model ima manje konteksta zapravljano pripoznavania rečenice. Sa drugi stranje ko koristimo duga segmente model dobija više konteksta, ali koristik mora duže da čekan rezultat. Zbog toga izboru veločina segmenta prestavljavila kompromis izmiju Latencije i koditeeta transkriptcije. Na primjer mogu se oporijite segmenti od 2-5-10 sekundi. Da svaku konfiguraciju mogu će izmeriti vreme obradi, faktorjavno gvremena i tašnos konošno-k transkripta. Tako je eksperimento mogu ćalo da se utvrdi koja konfiguracija prestavlja najbolji kompromis za praktican sistem.","Sistem koji obrađuje govor u realnom vremenu mora da rešava nešto drugačiji problem od sistema koji dobije kompletan audio zapis. Kod klasične transkripcije model može da dobije čitav snimak i zatim ga obradi. Kod realnog vremena zvuk neprestano pristiže, pa ga je potrebno podeliti na manje delove. Ako koristimo veoma kratke segmente, sistem može brzo da prikaže rezultat, ali model ima manje konteksta za pravilno prepoznavanje rečenice. Sa druge strane, ako koristimo duge segmente, model dobija više konteksta, ali korisnik mora duže da čeka na rezultat. Zbog toga izbor veličine segmenta predstavlja kompromis između latencije i kvaliteta transkripcije. Na primer, mogu se uporediti segmenti od dve, pet i deset sekundi. Za svaku konfiguraciju moguće je izmeriti vreme obrade, faktor realnog vremena i tačnost konačnog transkripta. Takav eksperiment omogućava da se utvrdi koja konfiguracija predstavlja najbolji kompromis za praktičan sistem.",48.92086330935252
base,int8,cpu,40,40govornik3.wav,govornik3,veoma_dugi,79.772,5.352,0.0671,True,291.21,451.82,160.61,0.582,"Cil experimentan analizji s temazutomatiskopropoznomanja govora je ste da se otvrdi kako razliši tifaktor u ticu na nije govrad. Možemo menjati vjeročinu modela nivo pozadinskog šuma, jezi govornika, parametre dekodiranja, natchin kvantizacije i korišćinja algoritma za detekciju govora. Svaki experiment treba organizoti tako da možemo jasno da otvrdimo postajte se određene promene. Resultati se zatim mogu posmatrati kroz više metrika. Vore Error Rate pokazuje, koliko se prepozna ti tekst se razlikuju otasno referentno transcripta. Latensije pokazuje, koliko vremeno je potrebno zobradu, do ka real-time factor povijezuje vreme obrade sa trajenjem samog zvušnog zapisa. Potrošnjeme mori je posivno značena, kado modela treba da radi na urodjem je se ogranićenim resursima. Kombinojni o nich rezultata možemo da pronatjemo o konfiguraciju koja ne moja robite najbolja prema, svakoj podinešno metrici, ali prestavlja dobar kompromist izmiju tačnosti, brzine i potrebnih račanarski resursa.","Cilj eksperimentalne analize sistema za automatsko prepoznavanje govora jeste da se utvrdi kako različiti faktori utiču na njegov rad. Možemo menjati veličinu modela, nivo pozadinskog šuma, jezik govornika, parametre dekodiranja, način kvantizacije ili korišćenje algoritma za detekciju govora. Svaki eksperiment treba organizovati tako da možemo jasno da utvrdimo posledice određene promene. Rezultati se zatim mogu posmatrati kroz više metrika. Word Error Rate pokazuje koliko se prepoznati tekst razlikuje od tačnog referentnog transkripta. Latencija pokazuje koliko vremena je potrebno za obradu, dok Real-Time Factor povezuje vreme obrade sa trajanjem samog zvučnog zapisa. Potrošnja memorije je posebno značajna kada model treba da radi na uređajima sa ograničenim resursima. Kombinovanjem ovih rezultata možemo da pronađemo konfiguraciju koja ne mora biti najbolja prema svakoj pojedinačnoj metrici, ali predstavlja dobar kompromis između tačnosti, brzine i potrebnih računarskih resursa.",48.507462686567166
base,float32,cpu,1,1govornik1.wav,govornik1,kratki,7.605,1.489,0.1959,True,499.22,654.2,154.98,0.571,Veshtočka inteligencija omu gučava ročunarima da rešavaju složene probleme i analiziraju veliki količine podataka.,Veštačka inteligencija omogućava računarima da rešavaju složene probleme i analiziraju velike količine podataka.,38.46153846153847
base,float32,cpu,2,2govornik1.wav,govornik1,kratki,6.78,1.368,0.2017,True,499.25,655.14,155.88,0.571,Automacko prepoznavanje govor a pretvara izgovorine reći u tekst koji racunar može dalje da obradju.,Automatsko prepoznavanje govora pretvara izgovorene reči u tekst koji računar može dalje da obrađuje.,50.0
base,float32,cpu,3,3govornik1.wav,govornik1,kratki,5.828,1.3,0.223,True,500.18,655.38,155.2,0.571,Dana si je veoma prijetan dan. Pasmo dlučili da prositamo kroz center grada posliručka.,"Danas je veoma prijatan dan, pa smo odlučili da prošetamo kroz centar grada posle ručka.",66.66666666666666
base,float32,cpu,4,4govornik1.wav,govornik1,kratki,7.291,1.33,0.1825,True,500.43,655.43,155.0,0.571,"Novira čunari imaju brze procesore, više memoria i znatno bolje performance nego predcho ne generacije.","Novi računari imaju brže procesore, više memorije i znatno bolje performanse nego prethodne generacije.",50.0
base,float32,cpu,5,5govornik2.wav,govornik2,kratki,9.334,1.405,0.1506,True,500.47,655.43,154.96,0.571,Mašinsko učinje koristipodatke kako bi model naučijo da prepoznaje obrastce i donosi odgovarajuće odluk.,Mašinsko učenje koristi podatke kako bi model naučio da prepoznaje obrasce i donosi odgovarajuće odluke.,40.0
base,float32,cpu,6,6govornik2.wav,govornik2,kratki,7.895,1.332,0.1688,True,500.48,655.45,154.96,0.571,"Sutre u jutru moram da završim nekoliko obaveza, a zatim planiram da se vidim sa prijatelima.","Sutra ujutru moram da završim nekoliko obaveza, a zatim planiram da se vidim sa prijateljima.",26.666666666666668
base,float32,cpu,7,7govornik2.wav,govornik2,kratki,8.731,1.425,0.1632,True,500.5,655.46,154.96,0.571,"Kvalite zvucnog zapisa, može značenu da u tiče na tačnost sistema za automatsko prepoznavanie govor.",Kvalitet zvučnog zapisa može značajno da utiče na tačnost sistema za automatsko prepoznavanje govora.,50.0
base,float32,cpu,8,8govornik3.wav,govornik3,kratki,5.213,1.435,0.2752,True,500.51,656.25,155.74,0.571,"Temperature tokom noći nagle opala, ali se očekuje, leće sutra vreme ponovobiti topli.","Temperatura je tokom noći naglo pala, ali se očekuje da će sutra vreme ponovo biti toplije.",56.25
base,float32,cpu,9,9govornik3.wav,govornik3,kratki,5.341,1.512,0.2831,True,501.29,656.27,154.97,0.571,"No, ronskim reže danasi koristili za obradu slike teksta, zvukaj, mnoi gdrujih vrsta politika.","Neuronske mreže danas se koriste za obradu slike, teksta, zvuka i mnogih drugih vrsta podataka.",66.66666666666666
base,float32,cpu,10,10govornik3.wav,govornik3,kratki,5.596,1.545,0.276,True,501.31,656.36,155.04,0.571,Dobar sistem orijesto vremeno da budi da ovino brz precizani povzan u razičiti musluvim.,"Dobar sistem mora istovremeno da bude dovoljno brz, precizan i pouzdan u različitim uslovima.",71.42857142857143
base,float32,cpu,11,11govornik1.wav,govornik1,srednji,16.463,2.514,0.1527,True,501.4,658.17,156.77,0.571,"Savrimini sistemi za automacko prepozavania govora koriste dvukje neoronskjem reže kako bi analizirali zvučni signal i pretvorili ga u tekst. Njihova tačno zavisti u modela, kvaliteta snimka, jezika i karakteristika govornika.","Savremeni sistemi za automatsko prepoznavanje govora koriste duboke neuronske mreže kako bi analizirali zvučni signal i pretvorili ga u tekst. Njihova tačnost zavisi od modela, kvaliteta snimka, jezika i karakteristika govornika.",29.03225806451613
base,float32,cpu,12,12govornik1.wav,govornik1,srednji,12.725,2.917,0.2292,True,503.23,658.3,155.07,0.571,"Juče sam krenu od ugrada nešto rani je neko obično. No ulicama ni je bilo mnogu ljudi, pa sam brzu zaversiva sve oba veze. Nakon toga sam se je ovo obližni kafeć i se čekao prijetelja.","Juče sam krenuo do grada nešto ranije nego obično. Na ulicama nije bilo mnogo ljudi, pa sam brzo završio sve obaveze. Nakon toga sam seo u obližnji kafić i sačekao prijatelja.",70.96774193548387
base,float32,cpu,13,13govornik1.wav,govornik1,srednji,15.081,3.356,0.2225,True,503.36,618.56,115.2,0.571,"Viszper je moda za automacko prepoznavenje govor, koji može da radisa vjerekim brojem jezika. Faster Viszper koristi optimizovanu implementaciju kojo mogućeva efikastnje izvarsavanie i manju potrošnju računarskih resurca.",Whisper je model za automatsko prepoznavanje govora koji može da radi sa velikim brojem jezika. Faster-Whisper koristi optimizovanu implementaciju koja omogućava efikasnije izvršavanje i manju potrošnju računarskih resursa.,48.275862068965516
base,float32,cpu,14,14govornik1.wav,govornik1,srednji,15.604,2.667,0.1709,True,285.42,466.71,181.29,0.571,"Kad razgovoramo u tihu i prostori, sistemu glavnom može veoma jasno da pre poznaj izgovore nereći. Medjutim, saobraćaj muzika, razgovor, drugi hrjudi i različiti izvorišuma, mogu znacajno da otegžaju transkribeciju.","Kada razgovaramo u tihoj prostoriji, sistem uglavnom može veoma jasno da prepozna izgovorene reči. Međutim, saobraćaj, muzika, razgovor drugih ljudi i različiti izvori šuma mogu značajno da otežaju transkripciju.",65.51724137931035
base,float32,cpu,15,15govornik1.wav,govornik1,srednji,17.427,2.291,0.1315,True,433.76,613.74,179.98,0.571,"Tokom razvoje software aplikacije pro gameri prvo analiziriju zahteve koristnika, zatim projektaju system implementiriju potrme funkcionalnosti. Nakon toga slede testiranje, izpravljenje grešaka i postavljenje aplikaciju produkciono okruženje.","Tokom razvoja softverske aplikacije programeri prvo analiziraju zahteve korisnika, zatim projektuju sistem i implementiraju potrebne funkcionalnosti. Nakon toga slede testiranje, ispravljanje grešaka i postavljanje aplikacije u produkciono okruženje.",53.57142857142857
base,float32,cpu,16,16govornik2.wav,govornik2,srednji,17.647,1.887,0.107,True,459.43,612.75,153.32,0.571,Prošlog vikenda smodlučili da provedemo danu prirodi. Vreme je bilo sunčano i prijatno. Pa smoponeli hranu i nekoliko svari koje su nam bile potrebne. Wratili smo se kući tek predveče.,"Prošlog vikenda smo odlučili da provedemo dan u prirodi. Vreme je bilo sunčano i prijatno, pa smo poneli hranu i nekoliko stvari koje su nam bile potrebne. Vratili smo se kući tek predveče.",24.242424242424242
base,float32,cpu,17,17govornik2.wav,govornik2,srednji,16.579,1.858,0.112,True,458.07,614.67,156.59,0.571,"Veći modeli mašinskog učenja često mogu da postignu veću tačnost, ali zahtevaju više memoria i procesorske snage. Zbog toga najveći model nije uvek najbolji izbor za praktyčno primenu.","Veći modeli mašinskog učenja često mogu da postignu veću tačnost, ali zahtevaju više memorije i procesorske snage. Zbog toga najveći model nije uvek najbolji izbor za praktičnu primenu.",7.142857142857142
base,float32,cpu,18,18govornik2.wav,govornik2,srednji,18.204,1.809,0.0994,True,459.91,614.94,155.03,0.571,"Brzina, automatskog prepoznavanja govora, posivno je vajna kod aplikacije koje radje u realnom vremenu. Korisnik očekuje da sistem reaguje bırzo i da se transkript pojavluje bez primetno kašnjenja.",Brzina automatskog prepoznavanja govora posebno je važna kod aplikacija koje rade u realnom vremenu. Korisnik očekuje da sistem reaguje brzo i da se transkript pojavljuje bez primetnog kašnjenja.,25.0
base,float32,cpu,19,19govornik2.wav,govornik2,srednji,16.904,1.791,0.1059,True,460.16,615.0,154.83,0.571,"Kad se mi utrosu ključio racunar, prvosam proverio elektronsku poštu i poruki. Posled toga se ma otvorio projekat, na kojem trenutno radim i nastavio implementaciju funcionalnosti koju sam zapocio predhodno kdana.","Kada sam jutros uključio računar, prvo sam proverio elektronsku poštu i poruke. Posle toga sam otvorio projekat na kojem trenutno radim i nastavio implementaciju funkcionalnosti koju sam započeo prethodnog dana.",50.0
base,float32,cpu,20,20govornik2.wav,govornik2,srednji,16.208,1.696,0.1046,True,460.19,615.3,155.11,0.571,Serbski jezik sadrži glasovje i karaktere koji se razlikuju od englesko jezika. Zbog toga je interesantno analizirati koliko dobro isti model prepoznaja govor na razlečitim jezicima.,Srpski jezik sadrži glasove i karaktere koji se razlikuju od engleskog jezika. Zbog toga je interesantno analizirati koliko dobro isti model prepoznaje govor na različitim jezicima.,19.230769230769234
base,float32,cpu,21,21govornik3.wav,govornik3,srednji,14.571,1.95,0.1339,True,460.39,615.35,154.96,0.571,Kontizacijom ugećava da se neuromski model izvršava koristčenja i manje preciznih numerickih formata. Na te način moguće je smanjeti potrošnje o memoria i ubrzati izvršenjivu z prihvatnji u promenu tačnosti.,Kvantizacija omogućava da se neuronski model izvršava korišćenjem manje preciznih numeričkih formata. Na taj način moguće je smanjiti potrošnju memorije i ubrzati izvršavanje uz prihvatljivu promenu tačnosti.,55.55555555555556
base,float32,cpu,22,22govornik3.wav,govornik3,srednji,14.652,1.908,0.1302,True,460.46,615.4,154.94,0.571,"Čovjek to komobično grazgovara često pravi kratke paoze, menje brzino govora i zastanika koji je razmislju. Sistim za prepoznavajnje govora mora da budet dovojno robustanda pravilno obradi takve situacije.","Čovek tokom običnog razgovora često pravi kratke pauze, menja brzinu govora ili zastane kako bi razmislio. Sistem za prepoznavanje govora mora da bude dovoljno robustan da pravilno obradi takve situacije.",60.0
base,float32,cpu,23,23govornik3.wav,govornik3,srednji,12.214,1.692,0.1385,True,460.5,615.99,155.49,0.571,"Da na sposto je veliki broje aplikacija koje koriste veštačko inteligenciju. Ona se primenjuvo medicinje, industrije, obrazovaju, sabračju, finansijema i mnogim, svakonenju digitalnim servisima.","Danas postoji veliki broj aplikacija koje koriste veštačku inteligenciju. Ona se primenjuje u medicini, industriji, obrazovanju, saobraćaju, finansijama i mnogim svakodnevnim digitalnim servisima.",60.86956521739131
base,float32,cpu,24,24govornik3.wav,govornik3,srednji,11.645,1.64,0.1408,True,461.12,605.62,144.5,0.571,"Kada se zlušnom signalu doda šum nekeriči postuju teže razumnije. Što je nivo šuma veću odnosu negor, sistemuje teže da napraviti tašno transkrypciju celok snimk.","Kada se zvučnom signalu doda šum, neke reči postaju teže razumljive. Što je nivo šuma veći u odnosu na govor, sistemu je teže da napravi tačnu transkripciju celog snimka.",55.172413793103445
base,float32,cpu,25,25govornik3.wav,govornik3,srednji,14.303,1.877,0.1312,True,461.26,616.41,155.15,0.571,"Pre nego što rezultate eksperimenta možemo praveno do potrebim, potrebne koristiti i stev ulozne podatke i jasno definitsane metrike. Na tej način razliko rezultati može da se poveže sa praveno koju zaprovo i spitujimo.","Pre nego što rezultate eksperimenta možemo pravilno da uporedimo, potrebno je koristiti iste ulazne podatke i jasno definisane metrike. Na taj način razlika u rezultatima može da se poveže sa promenom koju zapravo ispitujemo.",50.0
base,float32,cpu,26,26govornik1.wav,govornik1,dugi,31.092,3.933,0.1265,True,461.48,622.38,160.9,0.571,"Automacko prepoznavajne govora prestavlja oblast veštački inteligencije, koje se bavi pretvarajem zvušnog signalu u tekst. Savrimini sistemi koriste modele dubo kogučenja, koji mogu da naliziriju kompleksne karakteristike ljudskog govor. Njihove performance mogu da zavisa od jezika, kvaliteta mikrofona, prisu sa pozadnjskog šuma, brzine govora i karakteristike samog govornik. Zbog toge priliko mevaluacije, važno koristiti razžite vrste zvučnjih zapisa.","Automatsko prepoznavanje govora predstavlja oblast veštačke inteligencije koja se bavi pretvaranjem zvučnog signala u tekst. Savremeni sistemi koriste modele dubokog učenja koji mogu da analiziraju kompleksne karakteristike ljudskog govora. Njihove performanse mogu da zavise od jezika, kvaliteta mikrofona, prisustva pozadinskog šuma, brzine govora i karakteristika samog govornika. Zbog toga je prilikom evaluacije važno koristiti različite vrste zvučnih zapisa.",44.827586206896555
base,float32,cpu,27,27govornik1.wav,govornik1,dugi,27.458,3.011,0.1097,True,464.86,620.35,155.5,0.571,"Jednog jutra krenu osama u tomo bilom prema gradu nešto rani je negoovično. Sa obreći je u početku bio veoma slab, ali se približavajem centru broj vozila postepenu povećavo. No ksem čekao nas sema foru ne radi usugovorili o vremezko prognoziz na njenih nekoliko dana. Najavljenu je sunčano vreme, ali mogušnost kratkotrani kiše tokom vikenda. Kada sam stigav, prkiru osama u tomo bil in nastavio pesice.","Jednog jutra krenuo sam automobilom prema gradu nešto ranije nego obično. Saobraćaj je u početku bio veoma slab, ali se približavanjem centru broj vozila postepeno povećavao. Dok sam čekao na semaforu, na radiju su govorili o vremenskoj prognozi za narednih nekoliko dana. Najavljeno je sunčano vreme, ali i mogućnost kratkotrajne kiše tokom vikenda. Kada sam stigao, parkirao sam automobil i nastavio pešice.",59.67741935483871
base,float32,cpu,28,28govornik1.wav,govornik1,dugi,30.697,4.045,0.1318,True,465.49,620.97,155.48,0.571,"Vyšper postuju vyše veličina modela, odzveamo malih do znatno većih modela, manjim modeli zahtevi u manjimi morije i u glavnom ugočavaju baržu transkripsiju, dok većim modeli mogu da pruža veću tarsnostu zahtivnij uslojima. Zbog toga izbor modela prestali a kompromis iz mediukvaliteta transkripsije i potrebnih herročunarskih resursa. Taj kompromis je posemno važan, kad se siste mi zvaršavana običnom računaru pesnažna graficke kartice.","Whisper postoji u više veličina modela, od veoma malih do znatno većih modela. Manji modeli zahtevaju manje memorije i uglavnom omogućavaju bržu transkripciju, dok veći modeli mogu da pruže veću tačnost u zahtevnijim uslovima. Zbog toga izbor modela predstavlja kompromis između kvaliteta transkripcije i potrebnih računarskih resursa. Taj kompromis je posebno važan kada se sistem izvršava na običnom računaru bez snažne grafičke kartice.",57.14285714285714
base,float32,cpu,29,29govornik2.wav,govornik2,dugi,34.969,3.654,0.1045,True,466.19,625.41,159.22,0.571,"Pozadinski šum prestavlja jedanod najčeštih problema ko systema za automatsko prepoznavajne govora. U realnomokrujenju mikrofon nesnima samo glaso sobe veti zvuk automobila ventilatora, drugih ljudi ili muzike. Ako je govor dovoljno snaža u odnosu na šum transkripcija može ostati veoma dobra. Medjutim, kad se odnosi gnala i šumas manjuje, broj pograšno prepozna tih reći u glavnom počinje darast.","Pozadinski šum predstavlja jedan od najčešćih problema kod sistema za automatsko prepoznavanje govora. U realnom okruženju mikrofon ne snima samo glas osobe već i zvuk automobila, ventilatora, drugih ljudi ili muzike. Ako je govor dovoljno snažan u odnosu na šum, transkripcija može ostati veoma dobra. Međutim, kada se odnos signala i šuma smanjuje, broj pogrešno prepoznatih reči uglavnom počinje da raste.",49.18032786885246
base,float32,cpu,30,30govornik2.wav,govornik2,dugi,37.756,4.011,0.1062,True,466.99,626.72,159.73,0.571,"Kad razwijamo sistem koji treba da radi u realnom vremenu, nije dovoljno posmatrati samo nije govu tačnost. Potrivno analizirati koliko vremena modelu treba da obradi odredinu kuličinu zvoka. Ak obrada 5-secondi govorat raje kraće od 5-secondi, sistem potencijalno može da prati govor bez stalno odpovećavanja kašnjenja. Zbog togasu, latencija i faktor realnog vremena veoma korisne metrike prilikom evaluacije ovakvi sistema.","Kada razvijamo sistem koji treba da radi u realnom vremenu, nije dovoljno posmatrati samo njegovu tačnost. Potrebno je analizirati koliko vremena modelu treba da obradi određenu količinu zvuka. Ako obrada pet sekundi govora traje kraće od pet sekundi, sistem potencijalno može da prati govor bez stalnog povećavanja kašnjenja. Zbog toga su latencija i faktor realnog vremena veoma korisne metrike prilikom evaluacije ovakvih sistema.",33.33333333333333
base,float32,cpu,31,31govornik2.wav,govornik2,dugi,34.969,3.783,0.1082,True,467.84,628.77,160.94,0.571,"Pre nekoliko dana organizovali smo malo okupljenje se prijateljima. Dokovori je bio da se svij nadjimo oko 6 sati, ali je nekoliko ljudi kasnilo z bok saobraćeja. Dok smo ih čekali, rozgovarali smo o poslu, putovanima i planovima za naredne mesece. Kasni je smo naručili većeru i ostali zajedno nekoliko sati. Jako ništa posivno ni je bilo planirano, veće je na kraju bilo veoma za nimljivo i prijetno.","Pre nekoliko dana organizovali smo malo okupljanje sa prijateljima. Dogovor je bio da se svi nađemo oko šest sati, ali je nekoliko ljudi kasnilo zbog saobraćaja. Dok smo ih čekali, razgovarali smo o poslu, putovanjima i planovima za naredne mesece. Kasnije smo naručili večeru i ostali zajedno nekoliko sati. Iako ništa posebno nije bilo planirano, veče je na kraju bilo veoma zanimljivo i prijatno.",34.375
base,float32,cpu,32,32govornik3.wav,govornik3,dugi,27.968,3.124,0.1117,True,469.83,614.62,144.79,0.571,"Ljudski govor nije podpono konstantan signo. Neko govori, brzo neko spori je, a pojedinji govornici pravajamo dudi je pauz izmiđu vrečenica. Raznikuju se je visina glasa na glasa izgovari i jačina govara. Sistim koji postižo-allične rezultate kod jedno govorinika za to nemora nuzno da postične ister zultate kod drugi osove. Koriši neviše govorinika mu uvićava realnuju procenu sposomnosti modela... Da generalizve.","Ljudski govor nije potpuno konstantan signal. Neko govori brzo, neko sporije, a pojedini govornici prave veoma duge pauze između rečenica. Razlikuju se i visina glasa, naglasak, način izgovora i jačina govora. Sistem koji postiže odlične rezultate kod jednog govornika zato ne mora nužno da postigne iste rezultate kod druge osobe. Korišćenje više govornika omogućava realniju procenu sposobnosti modela da generalizuje.",65.0
base,float32,cpu,33,33govornik3.wav,govornik3,dugi,31.254,4.0,0.128,True,468.36,629.17,160.81,0.571,"Vois aktiviti detection, koristiti se zavr, razlikovajne delava zvušliv zapisu, kojima posti gora, o delavu kojima se nalazi tišina. Ako snimak se drži dugi periodi bez gora, ih u klanjenji može da svanji koji i činu podate, kako je modovom morada obradi. Medjuti mal goryta mora paždje od obradi. Kočetak i kraj gora, jer previše agresivnu klanjenji može da odseće delo izgovare i tako negativno tičena transkrypciju.","Voice Activity Detection koristi se za razlikovanje delova zvučnog zapisa u kojima postoji govor od delova u kojima se nalazi tišina. Ako snimak sadrži duge periode bez govora, njihovo uklanjanje može da smanji količinu podataka koju model mora da obradi. Međutim, algoritam mora pažljivo da odredi početak i kraj govora, jer previše agresivno uklanjanje može da odseče deo izgovorene reči i tako negativno utiče na transkripciju.",72.72727272727273
base,float32,cpu,34,34govornik3.wav,govornik3,dugi,33.088,4.049,0.1224,True,469.37,626.34,156.97,0.571,"BIMSERć prestali jedan od načinja proinologišnje, verovatne sekvenci reći tukom dekodiranja rezultatama o dela. Veće vredno z parametra omuvi čeva razmatranje većek broje mogućih kandidata, ali sto vremino može da poveće vreminje pot rećenu z obradu. Zbog toge koristno eksperimentalno provieriti dali povećanje BIMSERć z parametra zaistedono ozjedno pobyćanje tašnosti i koliko dodatnich radšnarskich resurs ze zechteva.","Beam search predstavlja jedan od načina pronalaženja verovatne sekvence reči tokom dekodiranja rezultata modela. Veća vrednost parametra omogućava razmatranje većeg broja mogućih kandidata, ali istovremeno može da poveća vreme potrebno za obradu. Zbog toga je korisno eksperimentalno proveriti da li povećanje beam size parametra zaista donosi značajno poboljšanje tačnosti i koliko dodatnih računarskih resursa zahteva.",78.18181818181819
base,float32,cpu,35,35govornik3.wav,govornik3,dugi,29.06,2.855,0.0982,True,467.45,622.84,155.38,0.571,Privljakom izvodine eksperimenata veamo je ważno menjati jednu karakteristiku sistema do kostali u sluvi o staju isti. Ako iz tohremeno promenjima model jezik kvalitet zvukaj i parametra do kodiranja teškom možemo da zaključimo zbog čegaj rezultat posto boli ili loši. Kontrolisanje eksperimeniti mogu i čavaju jasne porijedjenje različiti konfiguracije i daju pozdanuju osnovu zizvodine zaključika o ponasjanju sistema.,"Prilikom izvođenja eksperimenta veoma je važno menjati jednu karakteristiku sistema dok ostali uslovi ostaju isti. Ako istovremeno promenimo model, jezik, kvalitet zvuka i parametre dekodiranja, teško možemo da zaključimo zbog čega je rezultat postao bolji ili lošiji. Kontrolisani eksperimenti omogućavaju jasnije poređenje različitih konfiguracija i daju pouzdaniju osnovu za izvođenje zaključaka o ponašanju sistema.",70.37037037037037
base,float32,cpu,36,36govornik1.wav,govornik1,veoma_dugi,69.01,7.617,0.1104,True,467.94,628.98,161.04,0.571,"Savrimini sistemi za otomacko prepoznavanja govara imaju velik broje praktičnih primjenu. Mogu se koristiti za otomacko pravnje transkripeta, sastanka, generisanje titlova, glasov neasistente, pretregu multimelijalno-k sadrgeja i pobošanje pristopačnosti digitanih sistema. Ipak kvalitet njihovo grada zavisio od velikog broje faktor. Gorojnici imivra razečite glasovje, akcente i brzi negovor. Do snimci mogu nasati koristijenje mračiti mikrofoni i u razečitim prostorijem. Dolatnim problem predstavlja pozdinskišum, sistem koji veoma dobro radi u tihu i prostoriji, nemora da postivnijesti rezultat na ulici i utomu bilu. Zbog toga, evalulacije sistema nebi trevalo da bude zastomana na samo jednom zvušnom zapisu. Potranome korisiti više govornika, razečite tuži ne snimaka i razečite ustlje. Poretaršnosti zreskrijpcije važnje analizirati vremi izvršavanja. Potrošnju memoria isposobno sistema da obradio zvuku dovoljno brazo za praktičnu primenu.","Savremeni sistemi za automatsko prepoznavanje govora imaju veliki broj praktičnih primena. Mogu se koristiti za automatsko pravljenje transkripata sastanaka, generisanje titlova, glasovne asistente, pretragu multimedijalnog sadržaja i poboljšanje pristupačnosti digitalnih sistema. Ipak, kvalitet njihovog rada zavisi od velikog broja faktora. Govornici imaju različite glasove, akcente i brzine govora, dok snimci mogu nastati korišćenjem različitih mikrofona i u različitim prostorijama. Dodatni problem predstavlja pozadinski šum. Sistem koji veoma dobro radi u tihoj prostoriji ne mora da postigne isti rezultat na ulici ili u automobilu. Zbog toga evaluacija sistema ne bi trebalo da bude zasnovana na samo jednom zvučnom zapisu. Potrebno je koristiti više govornika, različite dužine snimaka i različite uslove. Pored tačnosti transkripcije, važno je analizirati vreme izvršavanja, potrošnju memorije i sposobnost sistema da obrađuje zvuk dovoljno brzo za praktičnu primenu.",58.46153846153847
base,float32,cpu,37,37govornik2.wav,govornik2,veoma_dugi,82.431,8.526,0.1034,True,472.39,636.74,164.35,0.571,"Kad da govorimo o performansama modela za prepoznavanie govora, postoje dve različite stvari koje želimo da postignemo. Prvoje što tačnije i transcript a druge što efikasnije izvršalani. Veći model može bolje da prepozna komplikovanje rečenice i li govor u težim uslojima, ali isto vremeno može za vtevati mnogo više memoria i vremena. Mani model može biti nešto manje precizan, ali dovolno brz da se koristi na običnom laptopu. Quantizacija prestavlja još jedan načim optimizacije jer omogućava korištjenje numeričkok formata manje preciznosti. Time se može smanje tikoličina potrebne memoria i ubrzati obrada. Medjutim, svaka optimizacija mora da bude eksperimentalno proverena. Mi je dovoljno pokazati da je jedna konfiguracija brża. Potrebno je proveriti da lijenje na tačnost ostala prihvatljiva. Uprvo za to se koriste metrike kao što su vort error rat, latencija i real team, faktor kojo omogučavaju da razlicite konfiguracije modela budu upoređene na objektiva načim.","Kada govorimo o performansama modela za prepoznavanje govora, postoje dve različite stvari koje želimo da postignemo. Prva je što tačniji transkript, a druga što efikasnije izvršavanje. Veći model može bolje da prepozna komplikovane rečenice ili govor u težim uslovima, ali istovremeno može zahtevati mnogo više memorije i vremena. Manji model može biti nešto manje precizan, ali dovoljno brz da se koristi na običnom laptopu. Kvantizacija predstavlja još jedan način optimizacije jer omogućava korišćenje numeričkog formata manje preciznosti. Time se može smanjiti količina potrebne memorije i ubrzati obrada. Međutim, svaka optimizacija mora da bude eksperimentalno proverena. Nije dovoljno pokazati da je jedna konfiguracija brža. Potrebno je proveriti i da li je njena tačnost ostala prihvatljiva. Upravo zato se koriste metrike kao što su Word Error Rate, latencija i Real-Time Factor, koje omogućavaju da različite konfiguracije modela budu upoređene na objektivan način.",34.751773049645394
base,float32,cpu,38,38govornik2.wav,govornik2,veoma_dugi,64.459,6.623,0.1028,True,476.34,634.1,157.77,0.571,"Prošle nedelje imao sam prilično izpunjen dan. U jutru sam ustao rani je jer sam morao da završim nekoliko obave za pre odlaska ugrad. Posli doručka proverijo sam poruk je pripremijost variku i su mi bile potrebne i krenov automobilo. Na putu je bilo više sa abraće nego što sam očekivao, pa mi je trebalo skoro pola sata dost da stignem do centra. Prvo sam otišao do prodavnice zatim do bankje, a nakon toga sam se našao sa prijeti koje gnisam video nekoliko mesici. Rozgovarali smo o poslu putovanima i planovima za narednu godinu. Posli ručka vreme si izne na da promenilo i počela je jaka kisha. Saczekali smo nekoliko minuta da se vreme malo smiri, a onda smo krenu li kutji. Kad se se vratio, nastavio sam da radim na racunaru. Uviči sam zavrošio preostale obavese i odlučio da ostatak dana, provedem odmarajući se.","Prošle nedelje imao sam prilično ispunjen dan. Ujutru sam ustao ranije jer sam morao da završim nekoliko obaveza pre odlaska u grad. Posle doručka proverio sam poruke, pripremio stvari koje su mi bile potrebne i krenuo automobilom. Na putu je bilo više saobraćaja nego što sam očekivao, pa mi je trebalo skoro pola sata da stignem do centra. Prvo sam otišao do prodavnice, zatim do banke, a nakon toga sam se našao sa prijateljem kojeg nisam video nekoliko meseci. Razgovarali smo o poslu, putovanjima i planovima za narednu godinu. Posle ručka vreme se iznenada promenilo i počela je jaka kiša. Sačekali smo nekoliko minuta da se vreme malo smiri, a onda smo krenuli kući. Kada sam se vratio, nastavio sam da radim na računaru. Uveče sam završio preostale obaveze i odlučio da ostatak dana provedem odmarajući se.",32.11678832116788
base,float32,cpu,39,39govornik3.wav,govornik3,veoma_dugi,62.613,7.467,0.1193,True,474.27,634.38,160.11,0.571,"System koji obradio gov rejelnom, vremenu morada, rešava nešto drugači i provimo sistema koji dobije kompleta na odio zapis. Ko klasične transkriptcij model može da dobije čito o snima k i zatim gov obradi. Ko drejelno, gvremeno zvuk neprostano pristiže pa ga je potrebno podeliti na manje delove. A ko koristimo veamo kredke segmente, systemože brzo da prikajže rezultat, ali modelima manje konteksta zapravljano pripoznavania rečenice. Sa drugi stranje ko koristimo duga segmente model dobija više konteksta, ali koristik mora duže da čekan rezultat. Zbog toga izboru veločina segmenta prestavljav kompromis izmiđu Latencije i kvaliteta transkriptcije. Na primjer mogu se oporijite segmenti od 2-5-10 sekundi. Da svaku konfiguraciju moguće izmeriti vremeno obradi faktorjavno gvremena i tašnos konošno-k transkripta. Tako je eksperimento mogućalo da se utvrdi koja konfiguracija prestavlja najbolji kompromis za praktican system.","Sistem koji obrađuje govor u realnom vremenu mora da rešava nešto drugačiji problem od sistema koji dobije kompletan audio zapis. Kod klasične transkripcije model može da dobije čitav snimak i zatim ga obradi. Kod realnog vremena zvuk neprestano pristiže, pa ga je potrebno podeliti na manje delove. Ako koristimo veoma kratke segmente, sistem može brzo da prikaže rezultat, ali model ima manje konteksta za pravilno prepoznavanje rečenice. Sa druge strane, ako koristimo duge segmente, model dobija više konteksta, ali korisnik mora duže da čeka na rezultat. Zbog toga izbor veličine segmenta predstavlja kompromis između latencije i kvaliteta transkripcije. Na primer, mogu se uporediti segmenti od dve, pet i deset sekundi. Za svaku konfiguraciju moguće je izmeriti vreme obrade, faktor realnog vremena i tačnost konačnog transkripta. Takav eksperiment omogućava da se utvrdi koja konfiguracija predstavlja najbolji kompromis za praktičan sistem.",51.07913669064749
base,float32,cpu,40,40govornik3.wav,govornik3,veoma_dugi,79.772,7.398,0.0927,True,474.59,634.82,160.24,0.571,"Cil experimenta na analizji s temazutomatsko prapoznamenje govora je ste da se otvrdi kako razliši tifaktor u ticu na nje govrad. Možemo menjati vjeročinu modela nivo pozadinskog šuma, jezi govornika, parametre dekodiraja, natchin kvantizacije i korišćinja algoritma za detekciju govora. Svaki experiment treba organizovati tako da možemo jasno da otvrdimo posledicio od ređene promene. Resultati se zatim mogu posmatrati kroz više metrika. Vore Error Rate pokazuje, koliko se prepoznaći tek se razlikuju otasno referentno transcripta. Latencija pokazuje, koliko vremion je potrebno za obradu, dok real-time factor povijezuje vreme obrade sa tranjem samog zvušnog zapisa. Potrošnjeme morije posledno značena, kado model treba da radi na urodjim se ogranićenim resorsima. Kombinoj ovim rezultata možemo da pronatjemo o konfiguraciju koja ne moja robite najbolja prema, svakoj podinešno metrici, ali prestavlja dober kompromist izmiju tačnosti, brzine i potrebnih račanarske resorce.","Cilj eksperimentalne analize sistema za automatsko prepoznavanje govora jeste da se utvrdi kako različiti faktori utiču na njegov rad. Možemo menjati veličinu modela, nivo pozadinskog šuma, jezik govornika, parametre dekodiranja, način kvantizacije ili korišćenje algoritma za detekciju govora. Svaki eksperiment treba organizovati tako da možemo jasno da utvrdimo posledice određene promene. Rezultati se zatim mogu posmatrati kroz više metrika. Word Error Rate pokazuje koliko se prepoznati tekst razlikuje od tačnog referentnog transkripta. Latencija pokazuje koliko vremena je potrebno za obradu, dok Real-Time Factor povezuje vreme obrade sa trajanjem samog zvučnog zapisa. Potrošnja memorije je posebno značajna kada model treba da radi na uređajima sa ograničenim resursima. Kombinovanjem ovih rezultata možemo da pronađemo konfiguraciju koja ne mora biti najbolja prema svakoj pojedinačnoj metrici, ali predstavlja dobar kompromis između tačnosti, brzine i potrebnih računarskih resursa.",47.01492537313433
small,int8,cpu,1,1govornik1.wav,govornik1,kratki,7.605,3.11,0.409,True,447.08,678.81,231.73,1.181,Veštočka inteligencija omugućeva računarima da rešavaju složene probleme i analiziraju velike količine podataka.,Veštačka inteligencija omogućava računarima da rešavaju složene probleme i analiziraju velike količine podataka.,15.384615384615385
small,int8,cpu,2,2govornik1.wav,govornik1,kratki,6.78,2.962,0.4368,True,446.92,679.77,232.86,1.181,Automatsko prepoznavanje govora pretvara izgovorene reči u tekst koji racunar može dalje da obradioje.,Automatsko prepoznavanje govora pretvara izgovorene reči u tekst koji računar može dalje da obrađuje.,14.285714285714285
small,int8,cpu,3,3govornik1.wav,govornik1,kratki,5.828,2.979,0.5112,True,447.72,681.33,233.61,1.181,"Dana si je veoma prijetan dan, pa smo odlučili da prošetamo kroz Centar Grada posle ručka.","Danas je veoma prijatan dan, pa smo odlučili da prošetamo kroz centar grada posle ručka.",20.0
small,int8,cpu,4,4govornik1.wav,govornik1,kratki,7.291,2.855,0.3916,True,445.12,677.93,232.81,1.181,"Novi računari imaju brze procesore, više memorije i znatno bolje performanse nego prethorne generacije.","Novi računari imaju brže procesore, više memorije i znatno bolje performanse nego prethodne generacije.",14.285714285714285
small,int8,cpu,5,5govornik2.wav,govornik2,kratki,9.334,2.976,0.3188,True,445.52,679.16,233.64,1.181,Masinsko učinje koristi podatke kako bi model naučio da prepoznaje obrazce i donosi odgovarajuće odluke.,Mašinsko učenje koristi podatke kako bi model naučio da prepoznaje obrasce i donosi odgovarajuće odluke.,20.0
small,int8,cpu,6,6govornik2.wav,govornik2,kratki,7.895,2.908,0.3684,True,446.75,677.91,231.15,1.181,"Sutra u jutru moram da završim nekoliko obaveza, a zatim planiram da se vidim sa prijateljima.","Sutra ujutru moram da završim nekoliko obaveza, a zatim planiram da se vidim sa prijateljima.",13.333333333333334
small,int8,cpu,7,7govornik2.wav,govornik2,kratki,8.731,3.047,0.349,True,445.51,678.04,232.53,1.181,Kvalite zvučnog zapisa može značenu da utiče na tačnost sistema za automatsko prepoznavanje govora.,Kvalitet zvučnog zapisa može značajno da utiče na tačnost sistema za automatsko prepoznavanje govora.,14.285714285714285
small,int8,cpu,8,8govornik3.wav,govornik3,kratki,5.213,2.893,0.5549,True,444.45,677.54,233.09,1.181,"Temperatura je tokom noći naglo pala, ali se očekuje, leće su u traj vreme ponovobiti toplije.","Temperatura je tokom noći naglo pala, ali se očekuje da će sutra vreme ponovo biti toplije.",37.5
small,int8,cpu,9,9govornik3.wav,govornik3,kratki,5.341,3.002,0.5622,True,445.31,677.95,232.63,1.181,"Neoronskim reži danas i koristi za obradu slike, teksta, zvuka i mnogih druhih vrsta podataka.","Neuronske mreže danas se koriste za obradu slike, teksta, zvuka i mnogih drugih vrsta podataka.",33.33333333333333
small,int8,cpu,10,10govornik3.wav,govornik3,kratki,5.596,3.037,0.5426,True,445.56,677.95,232.39,1.181,"Dobar sistem mora isto vrijemeno da bude dovoljno brz, precizan i pouzan u različitim usluvima.","Dobar sistem mora istovremeno da bude dovoljno brz, precizan i pouzdan u različitim uslovima.",28.57142857142857
small,int8,cpu,11,11govornik1.wav,govornik1,srednji,16.463,3.922,0.2382,True,445.54,679.68,234.14,1.181,"Savrmini sistemi za automacko prepoznavanje govora koriste duke neuronske mreže kako bi analizirali zvučnj signal i pretvorili ga u tekst. Njihova tačno zavisti od modela, kvaliteta snimka, jezika i karakteristika govornika.","Savremeni sistemi za automatsko prepoznavanje govora koriste duboke neuronske mreže kako bi analizirali zvučni signal i pretvorili ga u tekst. Njihova tačnost zavisi od modela, kvaliteta snimka, jezika i karakteristika govornika.",19.35483870967742
small,int8,cpu,12,12govornik1.wav,govornik1,srednji,12.725,3.828,0.3008,True,446.83,677.98,231.15,1.181,"Juče sam krenuo do grada nešto rane je nego obično. Na ulicama nije bilo mnogo ljudi, pa sam brzo završiva sve oba veze. Nakon toga sam se u obližnji kafiđ i se čekao prijatelja.","Juče sam krenuo do grada nešto ranije nego obično. Na ulicama nije bilo mnogo ljudi, pa sam brzo završio sve obaveze. Nakon toga sam seo u obližnji kafić i sačekao prijatelja.",29.03225806451613
small,int8,cpu,13,13govornik1.wav,govornik1,srednji,15.081,4.282,0.2839,True,446.13,680.13,234.0,1.181,"Vishper je moda za automatisko prepoznavanje govora, koji može da radi sa verikim brojem ljezika. Faster Vishper koristi optimizovanu implementaciju kojoj mogućeva efikastni izvršavanje i manju potrošnju računerskih resursa.",Whisper je model za automatsko prepoznavanje govora koji može da radi sa velikim brojem jezika. Faster-Whisper koristi optimizovanu implementaciju koja omogućava efikasnije izvršavanje i manju potrošnju računarskih resursa.,34.48275862068966
small,int8,cpu,14,14govornik1.wav,govornik1,srednji,15.604,4.026,0.258,True,445.93,678.97,233.05,1.181,"Kada razgovoramo u tihvih prostori, sistemu glavno može veoma jasno da prepozna izgovore ne reči. Međutim, saobraćaj, muzika, razgovor, drugih ljudi i različit izvori šuma mogu značajno da otežuju transkrypciju.","Kada razgovaramo u tihoj prostoriji, sistem uglavnom može veoma jasno da prepozna izgovorene reči. Međutim, saobraćaj, muzika, razgovor drugih ljudi i različiti izvori šuma mogu značajno da otežaju transkripciju.",34.48275862068966
small,int8,cpu,15,15govornik1.wav,govornik1,srednji,17.427,5.033,0.2888,True,446.81,680.18,233.37,1.181,"Tokom razvoja software-ske aplikacije progameri prvo analiziraju zahteve korisnjika, zatim projektuju sistem i implementiraju potrmih funkcionalnosti. Nakon toga slade testiranje, ispravljanje grešaka i postavljanje aplikaciju produkcionu okruženje.","Tokom razvoja softverske aplikacije programeri prvo analiziraju zahteve korisnika, zatim projektuju sistem i implementiraju potrebne funkcionalnosti. Nakon toga slede testiranje, ispravljanje grešaka i postavljanje aplikacije u produkciono okruženje.",32.142857142857146
small,int8,cpu,16,16govornik2.wav,govornik2,srednji,17.647,5.165,0.2927,True,447.3,680.66,233.36,1.181,"Prošlog vikenda smo odlučili da provedemo danu prirodi. Vreme je bilo sunčano i prijatno, pa smo poneli hranu i nekoliko stvari koje su nam bila potrebne. Vratili smo se kući tek predveče.","Prošlog vikenda smo odlučili da provedemo dan u prirodi. Vreme je bilo sunčano i prijatno, pa smo poneli hranu i nekoliko stvari koje su nam bile potrebne. Vratili smo se kući tek predveče.",9.090909090909092
small,int8,cpu,17,17govornik2.wav,govornik2,srednji,16.579,4.905,0.2959,True,447.13,680.6,233.46,1.181,"Veći modeli mašinskog učenja često mogu da postignu veću tačnost, ali zahtevaju više memorije i procesorske snage. Zbog toga, najveći model nije uvek najbolji izbor za praktičnu primenu.","Veći modeli mašinskog učenja često mogu da postignu veću tačnost, ali zahtevaju više memorije i procesorske snage. Zbog toga najveći model nije uvek najbolji izbor za praktičnu primenu.",0.0
small,int8,cpu,18,18govornik2.wav,govornik2,srednji,18.204,4.209,0.2312,True,447.56,679.07,231.51,1.181,"Brzina, automatskog prepoznavanja govora, posebno je važna kod aplikacije koje radi u realnom vremenu. Korisnik očekuje da sistem reagu je brzo i da se transcript pojavljuje bez primetno kašnjenja.",Brzina automatskog prepoznavanja govora posebno je važna kod aplikacija koje rade u realnom vremenu. Korisnik očekuje da sistem reaguje brzo i da se transkript pojavljuje bez primetnog kašnjenja.,21.428571428571427
small,int8,cpu,19,19govornik2.wav,govornik2,srednji,16.904,3.991,0.2361,True,443.51,680.2,236.69,1.181,"Kada sam jutro suključio računar, prvo sam proverio elektronsku poštu i poruke. Posle toga sam otvorio projekat na kojem trenutno radim i nastavio implementaciju funkcionalnosti koju sam započeo prethodnog dana.","Kada sam jutros uključio računar, prvo sam proverio elektronsku poštu i poruke. Posle toga sam otvorio projekat na kojem trenutno radim i nastavio implementaciju funkcionalnosti koju sam započeo prethodnog dana.",6.666666666666667
small,int8,cpu,20,20govornik2.wav,govornik2,srednji,16.208,3.967,0.2448,True,446.59,678.2,231.61,1.181,Srpski jezik sadrži glasove i karaktere koji se razlikuju od engleskog jezika. Zbog toga je interesantno analizirati koliko dobro isti model prepoznaja govor na različitim jezicima.,Srpski jezik sadrži glasove i karaktere koji se razlikuju od engleskog jezika. Zbog toga je interesantno analizirati koliko dobro isti model prepoznaje govor na različitim jezicima.,3.8461538461538463
small,int8,cpu,21,21govornik3.wav,govornik3,srednji,14.571,4.189,0.2875,True,445.91,679.44,233.52,1.181,Quantizacija mogućava da se neuronski model izvršava korične manje predsignih numeričkeh formata. Na taj način moguće je smanjiti potrošnjo memorije i ubrzati izvršenje uz prihvatniju promjenu tačnosti.,Kvantizacija omogućava da se neuronski model izvršava korišćenjem manje preciznih numeričkih formata. Na taj način moguće je smanjiti potrošnju memorije i ubrzati izvršavanje uz prihvatljivu promenu tačnosti.,33.33333333333333
small,int8,cpu,22,22govornik3.wav,govornik3,srednji,14.652,3.969,0.2709,True,446.11,679.08,232.97,1.181,"Čovek tokom običnog razgovora često pravi kratke pauze, menje brzino govora i zastanek ako bi razmislio. System za prepoznavanje govora mora da bude dovoljno robustan da pravilno obradi takve situacije.","Čovek tokom običnog razgovora često pravi kratke pauze, menja brzinu govora ili zastane kako bi razmislio. Sistem za prepoznavanje govora mora da bude dovoljno robustan da pravilno obradi takve situacije.",20.0
small,int8,cpu,23,23govornik3.wav,govornik3,srednji,12.214,4.027,0.3297,True,445.28,679.38,234.1,1.181,"Dana spostoji veliki broj aplikacija koja je koriste veštačko inteligenciju. Ona se premenjuva medicini, industrij, obrazovanju, savraću, finansijama i mnogim svakodinim i digitalnim servisima.","Danas postoji veliki broj aplikacija koje koriste veštačku inteligenciju. Ona se primenjuje u medicini, industriji, obrazovanju, saobraćaju, finansijama i mnogim svakodnevnim digitalnim servisima.",47.82608695652174
small,int8,cpu,24,24govornik3.wav,govornik3,srednji,11.645,4.852,0.4167,True,445.76,680.63,234.87,1.181,"Kada se zvuknom signalu doda šum neke reče postoju teže razumljove. Što je nilo šuma veći u odnosu na govor, sistemu je teže da napravi tašnog transkrypciju celog snimka.","Kada se zvučnom signalu doda šum, neke reči postaju teže razumljive. Što je nivo šuma veći u odnosu na govor, sistemu je teže da napravi tačnu transkripciju celog snimka.",24.137931034482758
small,int8,cpu,25,25govornik3.wav,govornik3,srednji,14.303,4.585,0.3205,True,447.17,678.96,231.8,1.181,"Pre nego što rezultate eksperimenta možemo pravimo da opotrebimo, potrebno je koristiti isti ulazne podatke, jasno definisane metrike. Na taj način razlikao rezultatija može da se poveže sa pravim u koju zapravo ispitujemo.","Pre nego što rezultate eksperimenta možemo pravilno da uporedimo, potrebno je koristiti iste ulazne podatke i jasno definisane metrike. Na taj način razlika u rezultatima može da se poveže sa promenom koju zapravo ispitujemo.",26.47058823529412
small,int8,cpu,26,26govornik1.wav,govornik1,dugi,31.092,8.915,0.2867,True,445.5,685.96,240.46,1.181,"Automatsko prepoznavanje govora predstavlja oblast veštačke inteligencije koje se bavi pretvarajem zvušnog signala u tekst. Savremini sistemi koriste modele dubokog učenja koji mogu da analiziraju kompleksne karakteristike ljudskog govora. Njihove performanse mogu da zavise od jezika, kvaliteta mikrofona, prisusa pozadinskog šuma, brzine govora i karakteristike samogovornika. Zbog toga je prilikom evaluacije važno koristiti razđete vrste zvučnik zapisa.","Automatsko prepoznavanje govora predstavlja oblast veštačke inteligencije koja se bavi pretvaranjem zvučnog signala u tekst. Savremeni sistemi koriste modele dubokog učenja koji mogu da analiziraju kompleksne karakteristike ljudskog govora. Njihove performanse mogu da zavise od jezika, kvaliteta mikrofona, prisustva pozadinskog šuma, brzine govora i karakteristika samog govornika. Zbog toga je prilikom evaluacije važno koristiti različite vrste zvučnih zapisa.",17.24137931034483
small,int8,cpu,27,27govornik1.wav,govornik1,dugi,27.458,5.752,0.2095,True,437.12,676.58,239.46,1.181,"Jednog jutra kreno sam automobilom prema gradu nešto rani je nego obično. Saubreći je u početku bio veoma slab, ali se približavanjem centru broj vozila postepeno povećavao. Dok sam čekao na semaforu na radio su govorili o vreme s koj prognozi za narjenih nekoliko dana. Na javljenu je sunčano vreme, ali i mogušno skratko treni kiše tokom weekenda. Kada sam stigao, parkirio sam automobil i nastavio pešice.","Jednog jutra krenuo sam automobilom prema gradu nešto ranije nego obično. Saobraćaj je u početku bio veoma slab, ali se približavanjem centru broj vozila postepeno povećavao. Dok sam čekao na semaforu, na radiju su govorili o vremenskoj prognozi za narednih nekoliko dana. Najavljeno je sunčano vreme, ali i mogućnost kratkotrajne kiše tokom vikenda. Kada sam stigao, parkirao sam automobil i nastavio pešice.",25.806451612903224
small,int8,cpu,28,28govornik1.wav,govornik1,dugi,30.697,12.95,0.4219,True,445.42,679.09,233.66,1.181,"Višprd postoji u više ve ličina modela, odvejama malih do znatno većih modela, manji modeli zahtevaju manje memorie i u glavnom ugućavaju bržu transkrypciju, dok veći modeli mogu da pruže veći utaršnost u zahtevnim uslovima. Zbog toga izbor modela prestavlja kompromis između kvaliteta transkrypcija i potrebnih računarskih resursa. Taj kompromis je posebno važan kada se sistem izvršavan na običnom računaru pesnažne grafičke kartice.","Whisper postoji u više veličina modela, od veoma malih do znatno većih modela. Manji modeli zahtevaju manje memorije i uglavnom omogućavaju bržu transkripciju, dok veći modeli mogu da pruže veću tačnost u zahtevnijim uslovima. Zbog toga izbor modela predstavlja kompromis između kvaliteta transkripcije i potrebnih računarskih resursa. Taj kompromis je posebno važan kada se sistem izvršava na običnom računaru bez snažne grafičke kartice.",28.57142857142857
small,int8,cpu,29,29govornik2.wav,govornik2,dugi,34.969,9.356,0.2676,True,256.04,664.59,408.55,1.181,"Pozidenski šum prestavlja jedan od najčešćih problema kojeg sistema za automatisko prepoznavanje govora. U relnom okruženju mikrofon ne snima samo glas osobe već izvuk automobila, ventilatora, drugih ljudi ili muzike. Ako je govor dovoljno snažan u odnosu na šum, transkrypcija može ostati veoma dobra. Međutim, kad da se odnos signala i šuma smanjuje, broj pogrešno prepoznatih reći u glavnom počinje da raste.","Pozadinski šum predstavlja jedan od najčešćih problema kod sistema za automatsko prepoznavanje govora. U realnom okruženju mikrofon ne snima samo glas osobe već i zvuk automobila, ventilatora, drugih ljudi ili muzike. Ako je govor dovoljno snažan u odnosu na šum, transkripcija može ostati veoma dobra. Međutim, kada se odnos signala i šuma smanjuje, broj pogrešno prepoznatih reči uglavnom počinje da raste.",21.311475409836063
small,int8,cpu,30,30govornik2.wav,govornik2,dugi,37.756,12.902,0.3417,True,425.39,659.66,234.27,1.181,"Kada razvijamo sistem koji treba da radi u realnom vremenu, nije dovoljno posmatrati samo njegovu tačnost. Potrebno analizirati koliko vremena modelu treba da obradi određenu količinu zvuka. Ako obrada, 5 sekundi govora traje kraće, od 5 sekundi sistem potencijalno može da prati govor bez stalnog povećavanja kašnjenja. Zbog toga su latencija i faktor realnog vremena veoma korisne metrike prilikom evaluacije ovakvih sistema.","Kada razvijamo sistem koji treba da radi u realnom vremenu, nije dovoljno posmatrati samo njegovu tačnost. Potrebno je analizirati koliko vremena modelu treba da obradi određenu količinu zvuka. Ako obrada pet sekundi govora traje kraće od pet sekundi, sistem potencijalno može da prati govor bez stalnog povećavanja kašnjenja. Zbog toga su latencija i faktor realnog vremena veoma korisne metrike prilikom evaluacije ovakvih sistema.",4.761904761904762
small,int8,cpu,31,31govornik2.wav,govornik2,dugi,34.969,9.544,0.2729,True,263.57,564.86,301.29,1.181,"Pre nekoliko dana organizovali smo malo okupljanje sa prijateljima. Dogovor je bio da se svi nađemo oko še sati, ali je nekoliko ljudi kasnilo zbog saobraćaja. Dok smo ih čekali, razgovarali smo o poslu, putovanjima i planovima za narjedne mesece. Kasnije smo naručili večeru i ostali zajedno nekoliko sati. Iako ništa posebno nije bilo planirano, veče je na kraju bilo veoma zanimljivo i prijatno.","Pre nekoliko dana organizovali smo malo okupljanje sa prijateljima. Dogovor je bio da se svi nađemo oko šest sati, ali je nekoliko ljudi kasnilo zbog saobraćaja. Dok smo ih čekali, razgovarali smo o poslu, putovanjima i planovima za naredne mesece. Kasnije smo naručili večeru i ostali zajedno nekoliko sati. Iako ništa posebno nije bilo planirano, veče je na kraju bilo veoma zanimljivo i prijatno.",3.125
small,int8,cpu,32,32govornik3.wav,govornik3,dugi,27.968,7.273,0.26,True,264.59,651.08,386.49,1.181,"Ljuzki govor nije podpunom konstantan signala. Neko govori brzo, neko sporije, a pojedini govornic i prave ima duge pauze izmiđu rečenica. Razlikuju se visi na glasa, naglasak, način izgovara i jačina govora. System koji postiži odlične rezultate kod jednu govornika, zato nemora, nužno da postiži na isto rezultate kod drugi osobe. Korišnje više govornika mogućava realnu i uprocenu sposobnosti modelu. Da generalizuje.","Ljudski govor nije potpuno konstantan signal. Neko govori brzo, neko sporije, a pojedini govornici prave veoma duge pauze između rečenica. Razlikuju se i visina glasa, naglasak, način izgovora i jačina govora. Sistem koji postiže odlične rezultate kod jednog govornika zato ne mora nužno da postigne iste rezultate kod druge osobe. Korišćenje više govornika omogućava realniju procenu sposobnosti modela da generalizuje.",41.66666666666667
small,int8,cpu,33,33govornik3.wav,govornik3,dugi,31.254,11.295,0.3614,True,419.59,661.88,242.3,1.181,"Voice Activity Detection koristi se za razlikovanje delova zlušnog zapisa u kojima postoji govor, o delova kojima se nalazi tišina. Ako snimak se drži duge periode bez govora, njihovo uklanjenje može da smanji kojičinu podateka koju model mora da obradi. Medjuti, malgorita mora paždivo da obradi početak i kraj govora, jer previše agresivno uklanjenje može da odsteče delo izgovore i tako negativno otiče na transcriptiu.","Voice Activity Detection koristi se za razlikovanje delova zvučnog zapisa u kojima postoji govor od delova u kojima se nalazi tišina. Ako snimak sadrži duge periode bez govora, njihovo uklanjanje može da smanji količinu podataka koju model mora da obradi. Međutim, algoritam mora pažljivo da odredi početak i kraj govora, jer previše agresivno uklanjanje može da odseče deo izgovorene reči i tako negativno utiče na transkripciju.",28.78787878787879
small,int8,cpu,34,34govornik3.wav,govornik3,dugi,33.088,11.0,0.3324,True,413.18,660.7,247.53,1.181,"BIMSRĆ prestalja jedan od način na pronolazanje verovatne sekvencii reči tokom dekodiranja rezultata modela. Veće vrednost parametra omogućava razmatranje većih broja mogućih kandidata, ali istovremino može da po veće vreme potrebnu za obradu. Zbog toga je koristno eksperimentalno proveriti, da li povećanje BIMSRĆ parametra zaista donosi značajno povešanje tašnosti i koliko dodatnih računarskih resursa zechteva.","Beam search predstavlja jedan od načina pronalaženja verovatne sekvence reči tokom dekodiranja rezultata modela. Veća vrednost parametra omogućava razmatranje većeg broja mogućih kandidata, ali istovremeno može da poveća vreme potrebno za obradu. Zbog toga je korisno eksperimentalno proveriti da li povećanje beam size parametra zaista donosi značajno poboljšanje tačnosti i koliko dodatnih računarskih resursa zahteva.",34.54545454545455
small,int8,cpu,35,35govornik3.wav,govornik3,dugi,29.06,6.105,0.2101,True,410.62,652.64,242.02,1.181,"Pridikom izvođenja eksperimenata vevamo je važno menjati jednu karakteristiku sistema dok ostali usluvi ostavljisti. Ako isto vremeno promjenimo model, jezik, kvalitet, zvuka i parametre dekodiranja teško možemo da zaključimo zbog čega je rezultat postav bolji ili lošiji. Kontrolisani eksperimenti mogućavaju jasnije poradženje različitih konfiguraciju i delu polozdanu i osnovu za izvođenje zaključuka o ponašanju sistema.","Prilikom izvođenja eksperimenta veoma je važno menjati jednu karakteristiku sistema dok ostali uslovi ostaju isti. Ako istovremeno promenimo model, jezik, kvalitet zvuka i parametre dekodiranja, teško možemo da zaključimo zbog čega je rezultat postao bolji ili lošiji. Kontrolisani eksperimenti omogućavaju jasnije poređenje različitih konfiguracija i daju pouzdaniju osnovu za izvođenje zaključaka o ponašanju sistema.",31.48148148148148
small,int8,cpu,36,36govornik1.wav,govornik1,veoma_dugi,69.01,18.559,0.2689,True,411.82,663.59,251.77,1.181,"Sabremini sistemi za automatisko prepoznavanje govora imaju velik broj praktičnih primena. Mogu se koristiti za automatisko pravdnje transcripata, sastanka, generisanje titlova, glasovne asistente, pretrago multimerijalnog sadržaja i pobošanje pristupačnosti digitalnih sistema. Ipak kvalitet njihovo grada zavisio od velikog broje faktora. Govornic i mirro, različite glasove, akcente i brzine govora. Dok snimci mogu nastati korišnjem račitih mikrofone i u različitim prostorijama. Dolatni problem predstavlja pozadinski šum, sistem koji veoma dobro radi u tihvoj prostoriji nemora da postignistije rezultat na ulici i u tom mobilu. Zbog toga, evaluacije sistema ne bi trebalo da bude zastavan na samo jednom zvušnom zapisu. Potrebno je koristiti više govornika, različite tužine snimaka i različite uslove. Pored tarčnosti, z reskripcije važno je analizirati vremi izvršavanja. Potrošnju memorije i sposobno sistema da obradju je zvuku dovoljnom brzo za praktičnu primenu.","Savremeni sistemi za automatsko prepoznavanje govora imaju veliki broj praktičnih primena. Mogu se koristiti za automatsko pravljenje transkripata sastanaka, generisanje titlova, glasovne asistente, pretragu multimedijalnog sadržaja i poboljšanje pristupačnosti digitalnih sistema. Ipak, kvalitet njihovog rada zavisi od velikog broja faktora. Govornici imaju različite glasove, akcente i brzine govora, dok snimci mogu nastati korišćenjem različitih mikrofona i u različitim prostorijama. Dodatni problem predstavlja pozadinski šum. Sistem koji veoma dobro radi u tihoj prostoriji ne mora da postigne isti rezultat na ulici ili u automobilu. Zbog toga evaluacija sistema ne bi trebalo da bude zasnovana na samo jednom zvučnom zapisu. Potrebno je koristiti više govornika, različite dužine snimaka i različite uslove. Pored tačnosti transkripcije, važno je analizirati vreme izvršavanja, potrošnju memorije i sposobnost sistema da obrađuje zvuk dovoljno brzo za praktičnu primenu.",32.30769230769231
small,int8,cpu,37,37govornik2.wav,govornik2,veoma_dugi,82.431,24.554,0.2979,True,418.35,680.97,262.62,1.181,"Kada govorimo o performansama modela za prepoznavanje govora, postoje dve različite stvari koje želimo da postignemo. Prva je što tačniji transcript, a druga što je fikasnije izvršavanje. Veći model može bolje da prepozna komplikovanje rečenice ili govor u težim uslovima, ali istovremeno može zahtevati mnogo više memorije i vremena. Manji model može biti nešto manje precizan, ali dovoljno brz da se koristi na običnom laptopu. Quantizacija prestavlja još jedan način optimizacije, jer omogućava korišćenje numeričkog formata manje preciznusti. Time se može smanjiti količina potrebne memorije i ubrzati obrada. Međutim svaka optimizacija mora da bude eksperimentalno proverena. Nije dovoljno pokazati da je jedna konfiguracija brža. Potrebno je proveriti da li je njena tačnost ostala prihvatljiva. Upravo zato se koriste metrike kao što su Vort error, rat, latencija i realn team, faktor koje omogućavaju da različite konfiguracije modela budu uporedjene na objektiva način.","Kada govorimo o performansama modela za prepoznavanje govora, postoje dve različite stvari koje želimo da postignemo. Prva je što tačniji transkript, a druga što efikasnije izvršavanje. Veći model može bolje da prepozna komplikovane rečenice ili govor u težim uslovima, ali istovremeno može zahtevati mnogo više memorije i vremena. Manji model može biti nešto manje precizan, ali dovoljno brz da se koristi na običnom laptopu. Kvantizacija predstavlja još jedan način optimizacije jer omogućava korišćenje numeričkog formata manje preciznosti. Time se može smanjiti količina potrebne memorije i ubrzati obrada. Međutim, svaka optimizacija mora da bude eksperimentalno proverena. Nije dovoljno pokazati da je jedna konfiguracija brža. Potrebno je proveriti i da li je njena tačnost ostala prihvatljiva. Upravo zato se koriste metrike kao što su Word Error Rate, latencija i Real-Time Factor, koje omogućavaju da različite konfiguracije modela budu upoređene na objektivan način.",10.638297872340425
small,int8,cpu,38,38govornik2.wav,govornik2,veoma_dugi,64.459,22.995,0.3567,True,421.71,677.76,256.04,1.181,"Prošle nedelje imao sam prilično ispunjen dan. Ujutru sam ustao ranije jer sam morao da završim nekoliko obave za pre-odlaska u grad. Posli doručka proverio sam poruke, pripremio stvari koje su mi bile potrebne i krenuo automobilom. Na putu je bilo više saobraće nego što sam očekivao, pa mi je trebalo skoro pola sata da stignem do centra. Prvo sam otišao do prodavnice, zatim do bankje, a nakon toga sam se našao sa prijatelj koeg nisam vidio nekoliko meseci. Razgovarali smo o poslu, putovanjima i planovima za narednu godinu. Posli ručka, vreme se iznena da promenilo i počela i jaka kiša. Sačekali smo nekoliko minuta da se vreme malo smiri, a onda smo krenuli kući. Kada sam se vratio, nastavio sam da radim na racunaru. Uveče sam završio preostale obaveze i odlučio da ostatak dana provedem odmarajući se.","Prošle nedelje imao sam prilično ispunjen dan. Ujutru sam ustao ranije jer sam morao da završim nekoliko obaveza pre odlaska u grad. Posle doručka proverio sam poruke, pripremio stvari koje su mi bile potrebne i krenuo automobilom. Na putu je bilo više saobraćaja nego što sam očekivao, pa mi je trebalo skoro pola sata da stignem do centra. Prvo sam otišao do prodavnice, zatim do banke, a nakon toga sam se našao sa prijateljem kojeg nisam video nekoliko meseci. Razgovarali smo o poslu, putovanjima i planovima za narednu godinu. Posle ručka vreme se iznenada promenilo i počela je jaka kiša. Sačekali smo nekoliko minuta da se vreme malo smiri, a onda smo krenuli kući. Kada sam se vratio, nastavio sam da radim na računaru. Uveče sam završio preostale obaveze i odlučio da ostatak dana provedem odmarajući se.",9.48905109489051
small,int8,cpu,39,39govornik3.wav,govornik3,veoma_dugi,62.613,16.752,0.2676,True,307.82,662.38,354.56,1.181,"Sistem koju je obradio goju u realnom vremenu mora da rešava nešto drugači i probujemo sistema koji dobije kompleta na odiju zapis. Koj klasične transkrypcije, model može da dobije čitostnimak i zatim ga obradio. Koj u realnom vremena zvuk neprastanog pristiže pa ga je potrebno podeliti na manje delove. Ako koristimo vevamo kratke segmente, sistem može brzo da prikaže rezultat, ali model ima manje kontekst za pravima prepoznavanje rečenice. Sa druge strane, ako koristimo duge segmente, model dobija više konteksta, ali koristik mora duže da čeka na rezultat. Zbog toga izbor vjadočina segmenta prestavlja kompromis izmiju kvaliteta transkrypcije. Na primer mogu se uporaviti segmenti od 2-5-10 sekundi. Za svaku konfiguraciju moguće izmeriti vreme obrade faktu realnog vremena i tašno konočnog transkrypta. Tako experimento mogućava da se otvrdi koja konfiguracija prestavlja najbolji kompromis za praktičan sistem.","Sistem koji obrađuje govor u realnom vremenu mora da rešava nešto drugačiji problem od sistema koji dobije kompletan audio zapis. Kod klasične transkripcije model može da dobije čitav snimak i zatim ga obradi. Kod realnog vremena zvuk neprestano pristiže, pa ga je potrebno podeliti na manje delove. Ako koristimo veoma kratke segmente, sistem može brzo da prikaže rezultat, ali model ima manje konteksta za pravilno prepoznavanje rečenice. Sa druge strane, ako koristimo duge segmente, model dobija više konteksta, ali korisnik mora duže da čeka na rezultat. Zbog toga izbor veličine segmenta predstavlja kompromis između latencije i kvaliteta transkripcije. Na primer, mogu se uporediti segmenti od dve, pet i deset sekundi. Za svaku konfiguraciju moguće je izmeriti vreme obrade, faktor realnog vremena i tačnost konačnog transkripta. Takav eksperiment omogućava da se utvrdi koja konfiguracija predstavlja najbolji kompromis za praktičan sistem.",31.654676258992804
small,int8,cpu,40,40govornik3.wav,govornik3,veoma_dugi,79.772,15.456,0.1938,True,421.88,666.34,244.46,1.181,"Cilj eksperimenta na analizi sistema zautomatiskoj prepoznavanje govora jeste da se otvrdi kako različiti faktori u tiču na njegov rad. Možemo menjati verčinu modela, nivo pozadinskog šuma, jezi govornika, parametre dekodiranja, način kvantizacije ili korišće algoritma za detekciju govora. Svaki eksperiment treba organizoti tako da možemo jasno da otvrdimo poslijice određene promene. Resultati se zatim mogu posmatrati kroz više metrika. Vor error rate pokazuje koliko se prepoznati tek se razlikuje o tačnog referentnog transcripta. Latencija pokazuje koliko vremena je potrebno za obradu, dok real time factor povezuje vreme obrade sa trajanjem samog zvušnog zapisa. Potrošnja memoria je posebno značena kada model treba da radi na uređenima sa ograničenim resursima. Kombinovanje ovih rezultata možemo da pronađemo konfiguraciju, koja ne mora biti najbolja prema svakove podnačnoj metrici, ali prestavlja dobar kompromis izmenju tačnosti, brzine i potrebnih resursa.","Cilj eksperimentalne analize sistema za automatsko prepoznavanje govora jeste da se utvrdi kako različiti faktori utiču na njegov rad. Možemo menjati veličinu modela, nivo pozadinskog šuma, jezik govornika, parametre dekodiranja, način kvantizacije ili korišćenje algoritma za detekciju govora. Svaki eksperiment treba organizovati tako da možemo jasno da utvrdimo posledice određene promene. Rezultati se zatim mogu posmatrati kroz više metrika. Word Error Rate pokazuje koliko se prepoznati tekst razlikuje od tačnog referentnog transkripta. Latencija pokazuje koliko vremena je potrebno za obradu, dok Real-Time Factor povezuje vreme obrade sa trajanjem samog zvučnog zapisa. Potrošnja memorije je posebno značajna kada model treba da radi na uređajima sa ograničenim resursima. Kombinovanjem ovih rezultata možemo da pronađemo konfiguraciju koja ne mora biti najbolja prema svakoj pojedinačnoj metrici, ali predstavlja dobar kompromis između tačnosti, brzine i potrebnih računarskih resursa.",22.388059701492537
small,float32,cpu,1,1govornik1.wav,govornik1,kratki,7.605,4.932,0.6486,True,837.85,1322.13,484.28,1.119,Vesztačka inteligencija om ugućeva računarima da rešavaju složene probleme i analiziraju velike količine podataka.,Veštačka inteligencija omogućava računarima da rešavaju složene probleme i analiziraju velike količine podataka.,23.076923076923077
small,float32,cpu,2,2govornik1.wav,govornik1,kratki,6.78,4.256,0.6277,True,1109.68,1341.84,232.16,1.119,Automatsko prepoznavanje govora pretvara izgovorene reči u tekst koji racunar može dalje da obradioje.,Automatsko prepoznavanje govora pretvara izgovorene reči u tekst koji računar može dalje da obrađuje.,14.285714285714285
small,float32,cpu,3,3govornik1.wav,govornik1,kratki,5.828,4.08,0.7001,True,1110.08,1342.34,232.26,1.119,"Dana si je veoma prijetan dan, pa smo odlučili da prošitamo kroz Centar Grada posle ručka.","Danas je veoma prijatan dan, pa smo odlučili da prošetamo kroz centar grada posle ručka.",26.666666666666668
small,float32,cpu,4,4govornik1.wav,govornik1,kratki,7.291,4.088,0.5607,True,1110.14,1342.58,232.43,1.119,"Novi računari imaju brze procesore, više memorije i znatno bolje performanse nego prethorne generacije.","Novi računari imaju brže procesore, više memorije i znatno bolje performanse nego prethodne generacije.",14.285714285714285
small,float32,cpu,5,5govornik2.wav,govornik2,kratki,9.334,4.263,0.4567,True,1110.36,1343.49,233.14,1.119,Masinsko učinje koristi podatke kako bi model naučio da prepoznaje obrazce i donosi odgovarajuće odluke.,Mašinsko učenje koristi podatke kako bi model naučio da prepoznaje obrasce i donosi odgovarajuće odluke.,20.0
small,float32,cpu,6,6govornik2.wav,govornik2,kratki,7.895,4.167,0.5278,True,1111.22,1344.29,233.07,1.119,"Sutra ujutru moram da završim nekoliko obaveza, a zatim planiram da se vidim sa prijateljima.","Sutra ujutru moram da završim nekoliko obaveza, a zatim planiram da se vidim sa prijateljima.",0.0
small,float32,cpu,7,7govornik2.wav,govornik2,kratki,8.731,4.292,0.4916,True,1112.02,1344.56,232.54,1.119,Kvalite zvučnog zapisa može značenu da utiče na tačnost sistema za automatsko prepoznavanje govora.,Kvalitet zvučnog zapisa može značajno da utiče na tačnost sistema za automatsko prepoznavanje govora.,14.285714285714285
small,float32,cpu,8,8govornik3.wav,govornik3,kratki,5.213,4.059,0.7787,True,1112.27,1346.28,234.01,1.119,"Temperatura je tokom noći naglo pala, ali se očekuje, leće sutra vreme ponovobiti toplije.","Temperatura je tokom noći naglo pala, ali se očekuje da će sutra vreme ponovo biti toplije.",25.0
small,float32,cpu,9,9govornik3.wav,govornik3,kratki,5.341,4.234,0.7928,True,1113.99,1348.85,234.86,1.119,"Neoronskim reži danas i koristi za obradu slike, teksta, zvuka i mnogih druhih vrsta podataka.","Neuronske mreže danas se koriste za obradu slike, teksta, zvuka i mnogih drugih vrsta podataka.",33.33333333333333
small,float32,cpu,10,10govornik3.wav,govornik3,kratki,5.596,4.222,0.7544,True,1116.54,1349.51,232.97,1.119,"Dobar sistem mora isto vremeno da bude dovoljno brz, precizan i pouzan u različitim usluvima.","Dobar sistem mora istovremeno da bude dovoljno brz, precizan i pouzdan u različitim uslovima.",28.57142857142857
small,float32,cpu,11,11govornik1.wav,govornik1,srednji,16.463,5.818,0.3534,True,1117.2,1350.22,233.02,1.119,"Savrmini sistemi za automatisko prepozavanje govora koriste duke neuronske mreže kako bi analizirali zvučni signal i pretvorili ga u tekst. Njihova tačno zavisti od modela, kvaliteta snimka, jezika i karakteristika govornika.","Savremeni sistemi za automatsko prepoznavanje govora koriste duboke neuronske mreže kako bi analizirali zvučni signal i pretvorili ga u tekst. Njihova tačnost zavisi od modela, kvaliteta snimka, jezika i karakteristika govornika.",19.35483870967742
small,float32,cpu,12,12govornik1.wav,govornik1,srednji,12.725,5.729,0.4503,True,1119.14,1355.22,236.08,1.119,"Juče sam krenuo do grada nešto rane je nego obično. Na ulicama nije bilo mnogo ljudi, pa sam brzo završiva sve oba veze. Nakon toga sam se u obližnji kafiđ i se čekao prijatelja.","Juče sam krenuo do grada nešto ranije nego obično. Na ulicama nije bilo mnogo ljudi, pa sam brzo završio sve obaveze. Nakon toga sam seo u obližnji kafić i sačekao prijatelja.",29.03225806451613
small,float32,cpu,13,13govornik1.wav,govornik1,srednji,15.081,6.047,0.4009,True,1122.96,1360.09,237.13,1.119,"Vishper je moda za automatisko prepoznavanje govora, koji može da radi sa verikim brojem ljezika. Faster Vishper koristi optimizovanu implementaciju kojoj mogućeva efikastnije izvršavanje i manju potrošnju računerskih resursa.",Whisper je model za automatsko prepoznavanje govora koji može da radi sa velikim brojem jezika. Faster-Whisper koristi optimizovanu implementaciju koja omogućava efikasnije izvršavanje i manju potrošnju računarskih resursa.,34.48275862068966
small,float32,cpu,14,14govornik1.wav,govornik1,srednji,15.604,6.327,0.4055,True,1127.86,1364.23,236.38,1.119,"Kada razgovoramo u tihvih prostori, sistemu glavno može veoma jasno da prepozna izgovorene reči. Međutim, saobraćaj, muzika, razgovor, drugih ljudi i različitih izvori šuma mogu značajno da otežuju transkripciju.","Kada razgovaramo u tihoj prostoriji, sistem uglavnom može veoma jasno da prepozna izgovorene reči. Međutim, saobraćaj, muzika, razgovor drugih ljudi i različiti izvori šuma mogu značajno da otežaju transkripciju.",24.137931034482758
small,float32,cpu,15,15govornik1.wav,govornik1,srednji,17.427,6.352,0.3645,True,1131.96,1360.6,228.63,1.119,"Tokom razvoja software-ske aplikacije progameri prvo analiziraju zahteve korisnjika, zatim projektuju sistem i implementiraju potrmeg funkcionalnosti. Nakon toga slade testiranje, ispravljanje grešaka i postavljanje aplikaciju produkcionu okruženje.","Tokom razvoja softverske aplikacije programeri prvo analiziraju zahteve korisnika, zatim projektuju sistem i implementiraju potrebne funkcionalnosti. Nakon toga slede testiranje, ispravljanje grešaka i postavljanje aplikacije u produkciono okruženje.",32.142857142857146
small,float32,cpu,16,16govornik2.wav,govornik2,srednji,17.647,5.6,0.3174,True,1128.31,1360.79,232.47,1.119,"Prošlog vikenda smo odlučili da provedemo danu prirodi. Vreme je bilo sunčano i prijatno, pa smo poneli hranu i nekoliko stvari koje su nam bila potrebne. Vratili smo se kući tek predveče.","Prošlog vikenda smo odlučili da provedemo dan u prirodi. Vreme je bilo sunčano i prijatno, pa smo poneli hranu i nekoliko stvari koje su nam bile potrebne. Vratili smo se kući tek predveče.",9.090909090909092
small,float32,cpu,17,17govornik2.wav,govornik2,srednji,16.579,5.682,0.3427,True,1128.46,1360.88,232.42,1.119,"Veći modeli mašinsko gučenja često mogu da postignu veću tačnost, ali zahtevaju više memorie i procesorske snage. Zbog toga, najveći model nije uvek najbolji izbor za praktičnu primenu.","Veći modeli mašinskog učenja često mogu da postignu veću tačnost, ali zahtevaju više memorije i procesorske snage. Zbog toga najveći model nije uvek najbolji izbor za praktičnu primenu.",10.714285714285714
small,float32,cpu,18,18govornik2.wav,govornik2,srednji,18.204,7.584,0.4166,True,1128.54,1361.02,232.48,1.119,"Brzina, automatskog prepoznavanja govora, posebno je važna kod aplikacije koje radi u realnom vremenu. Korisnik očekuje da sistem reaguje brzo i da se transcript pojavljuje bez primetno kašnjenja.",Brzina automatskog prepoznavanja govora posebno je važna kod aplikacija koje rade u realnom vremenu. Korisnik očekuje da sistem reaguje brzo i da se transkript pojavljuje bez primetnog kašnjenja.,14.285714285714285
small,float32,cpu,19,19govornik2.wav,govornik2,srednji,16.904,6.509,0.385,True,841.73,1343.13,501.4,1.119,"Kada sam jutro suključio računar, prvo sam proverio elektronsku poštu i poruke. Posle toga sam otvorio projekat, na kojem trenutno radim i nastavio implementaciju funkcionalnosti koju sam započeo prethodnog dana.","Kada sam jutros uključio računar, prvo sam proverio elektronsku poštu i poruke. Posle toga sam otvorio projekat na kojem trenutno radim i nastavio implementaciju funkcionalnosti koju sam započeo prethodnog dana.",6.666666666666667
small,float32,cpu,20,20govornik2.wav,govornik2,srednji,16.208,5.59,0.3449,True,1111.36,1345.56,234.2,1.119,Srpski jezik sadrži glasove i karaktere koji se razlikuju od engleskog jezika. Zbog toga je interesantno analizirati koliko dobro isti model prepoznaje govor na razlečitim jezicima.,Srpski jezik sadrži glasove i karaktere koji se razlikuju od engleskog jezika. Zbog toga je interesantno analizirati koliko dobro isti model prepoznaje govor na različitim jezicima.,3.8461538461538463
small,float32,cpu,21,21govornik3.wav,govornik3,srednji,14.571,6.239,0.4282,True,1113.39,1349.59,236.2,1.119,Quantizacija mogućava da se neuronski model izvršava korične manje predsignih numeričkeh formata. Na taj način moguće je smanjiti potrošnjo memorije i ubrzati izvršenje uz prihvatljivu promjenu tačnosti.,Kvantizacija omogućava da se neuronski model izvršava korišćenjem manje preciznih numeričkih formata. Na taj način moguće je smanjiti potrošnju memorije i ubrzati izvršavanje uz prihvatljivu promenu tačnosti.,29.629629629629626
small,float32,cpu,22,22govornik3.wav,govornik3,srednji,14.652,5.883,0.4016,True,1117.68,1354.47,236.79,1.119,"Čovek tokom običnog razgovora često pravi kratke pauze, menje brzino govora i zastanim kako bi je razmislio. System za prepoznavanje govora mora da bude dovoljno robustan da pravilno obradi takve situacije.","Čovek tokom običnog razgovora često pravi kratke pauze, menja brzinu govora ili zastane kako bi razmislio. Sistem za prepoznavanje govora mora da bude dovoljno robustan da pravilno obradi takve situacije.",20.0
small,float32,cpu,23,23govornik3.wav,govornik3,srednji,12.214,5.213,0.4268,True,1122.23,1357.83,235.6,1.119,"Dana spostoj je veliki broj aplikacija koja je koriste veštačko inteligenciju. Ona se premenjuva medicijna inidustrija i obrazovanju, saobraću, finansijama i mnogim svakodenim digitalnim servisima.","Danas postoji veliki broj aplikacija koje koriste veštačku inteligenciju. Ona se primenjuje u medicini, industriji, obrazovanju, saobraćaju, finansijama i mnogim svakodnevnim digitalnim servisima.",52.17391304347826
small,float32,cpu,24,24govornik3.wav,govornik3,srednji,11.645,5.141,0.4415,True,1125.6,1354.14,228.54,1.119,"Kada se zvuknom signalu doda šum neke reče postoju teže razumljove. Što je nilo šuma veći u odnosu na govor, systemu je teže da napravi tašno transkrypciju celog snimka.","Kada se zvučnom signalu doda šum, neke reči postaju teže razumljive. Što je nivo šuma veći u odnosu na govor, sistemu je teže da napravi tačnu transkripciju celog snimka.",27.586206896551722
small,float32,cpu,25,25govornik3.wav,govornik3,srednji,14.303,5.771,0.4035,True,1121.83,1360.52,238.68,1.119,"Pre nego što rezultate eksperimenta možemo pravimo da opotrebilimo, potrebno je koristiti isti ulozne podatke, jasno definisane metrike. Na taj način razlikao rezultatija može da se poveže sa pravim u koju zapravo ispitujemo.","Pre nego što rezultate eksperimenta možemo pravilno da uporedimo, potrebno je koristiti iste ulazne podatke i jasno definisane metrike. Na taj način razlika u rezultatima može da se poveže sa promenom koju zapravo ispitujemo.",29.411764705882355
small,float32,cpu,26,26govornik1.wav,govornik1,dugi,31.092,11.946,0.3842,True,1128.27,1372.45,244.18,1.119,"Automatsko prepoznavanje govora predstavlja oblast veštačke inteligencije koje se bavi pretvarajem zvušnog signala u tekst. Savrmini sistemi koriste modele dubokog učenja koji mogu da analiziraju kompleksne karakteristike ljudsko govor. Njihove performanse mogu da zavise od jezika, kvaliteta mikrofona, prisusa pozadinskog šuma, brzine govora i karakteristike samogovornika. Zbog toga je prilikom evaluacije važno koristiti razđete vrste zvučnik zapisa.","Automatsko prepoznavanje govora predstavlja oblast veštačke inteligencije koja se bavi pretvaranjem zvučnog signala u tekst. Savremeni sistemi koriste modele dubokog učenja koji mogu da analiziraju kompleksne karakteristike ljudskog govora. Njihove performanse mogu da zavise od jezika, kvaliteta mikrofona, prisustva pozadinskog šuma, brzine govora i karakteristika samog govornika. Zbog toga je prilikom evaluacije važno koristiti različite vrste zvučnih zapisa.",20.689655172413794
small,float32,cpu,27,27govornik1.wav,govornik1,dugi,27.458,8.33,0.3034,True,1094.61,1344.04,249.43,1.119,"Jednog jutra kreno sam automobilom prema gradu nešto rani je nego obično. Saubreć je u početku bio veoma slab, ali se približavanjem centru broj vozila postepeno povećavao. Dok sam čekao na semaforu na radiju, su govorili o vreme s koj prognozi za narjenih nekoliko dana. Na javljenu je sunčano vreme, ali i mogušno skratko trajnik iše tokom weekenda. Kada sam stigao, parkirio sam automobil i nastavio pešice.","Jednog jutra krenuo sam automobilom prema gradu nešto ranije nego obično. Saobraćaj je u početku bio veoma slab, ali se približavanjem centru broj vozila postepeno povećavao. Dok sam čekao na semaforu, na radiju su govorili o vremenskoj prognozi za narednih nekoliko dana. Najavljeno je sunčano vreme, ali i mogućnost kratkotrajne kiše tokom vikenda. Kada sam stigao, parkirao sam automobil i nastavio pešice.",25.806451612903224
small,float32,cpu,28,28govornik1.wav,govornik1,dugi,30.697,11.906,0.3878,True,1093.46,1359.43,265.98,1.119,"Višprt postoji u više ve ličina modela, odvejama malih do znatno većih modela, manji modeli zahtevaju manje memorije i u glavnom ugućavaju bržu transkripsiju, dok veći modeli mogu da pruže veći utaršnost u zahtevnim uslovima. Zbog toga izbor modela prestavlja kompromis između kvaliteta transkripsije i potrebnih računarskih resursa. Taj kompromis je posebno važan kada se sistem izvršava na običnom računaru pesta nažne grafičke kartice.","Whisper postoji u više veličina modela, od veoma malih do znatno većih modela. Manji modeli zahtevaju manje memorije i uglavnom omogućavaju bržu transkripciju, dok veći modeli mogu da pruže veću tačnost u zahtevnijim uslovima. Zbog toga izbor modela predstavlja kompromis između kvaliteta transkripcije i potrebnih računarskih resursa. Taj kompromis je posebno važan kada se sistem izvršava na običnom računaru bez snažne grafičke kartice.",25.396825396825395
small,float32,cpu,29,29govornik2.wav,govornik2,dugi,34.969,11.205,0.3204,True,1095.49,1357.79,262.3,1.119,"Pozidenski šum prestavlja jedan od najčešćih problema kojeg sistema za automatisko prepoznavanje govora. U relnom okruženju mikrofon ne snima samo glas osobe već izvuk automobila, ventilatora, drugih ljudi ili muzike. Ako je govor dovoljno snažan u odnosu na šum, transkrypcija može ostati veoma dobra. Međutim, kada se odnos signala i šuma smanjuje, broj pogrešno prepoznatih reći u glavnom počinje da raste.","Pozadinski šum predstavlja jedan od najčešćih problema kod sistema za automatsko prepoznavanje govora. U realnom okruženju mikrofon ne snima samo glas osobe već i zvuk automobila, ventilatora, drugih ljudi ili muzike. Ako je govor dovoljno snažan u odnosu na šum, transkripcija može ostati veoma dobra. Međutim, kada se odnos signala i šuma smanjuje, broj pogrešno prepoznatih reči uglavnom počinje da raste.",18.0327868852459
small,float32,cpu,30,30govornik2.wav,govornik2,dugi,37.756,11.277,0.2987,True,1093.86,1354.1,260.24,1.119,"Kada razvijamo sistem koji treba da radi u realnom vremenu, nije dovoljno posmatrati samo njegovu tačnost. Potrebno analizirati koliko vremena modelu treba da obradi određenu količinu zvuka. Ako obrada 5 sekundi govora traje kraće, od 5 sekundi sistem potencijalno može da prati govor bez stalnog povećavanja kašnjenja. Zbog toga su latencija i faktor realnog vremena veoma korisne metrike prilikom evaluacije ovakvih sistema.","Kada razvijamo sistem koji treba da radi u realnom vremenu, nije dovoljno posmatrati samo njegovu tačnost. Potrebno je analizirati koliko vremena modelu treba da obradi određenu količinu zvuka. Ako obrada pet sekundi govora traje kraće od pet sekundi, sistem potencijalno može da prati govor bez stalnog povećavanja kašnjenja. Zbog toga su latencija i faktor realnog vremena veoma korisne metrike prilikom evaluacije ovakvih sistema.",4.761904761904762
small,float32,cpu,31,31govornik2.wav,govornik2,dugi,34.969,10.875,0.311,True,1094.16,1356.32,262.16,1.119,"Pre nekoliko dana organizovali smo malo okupljanje sa prijateljima. Dogovor je bio da se svi nađemo oko še sati, ali je nekoliko ljudi kasnilo zbog saobraćaja. Dok smo ih čekali, razgovarali smo o poslu, putovanjima i planovima za narjedne mesece. Kasnije smo naručili večeru i ostali zajedno nekoliko sati. Iako ništa posebno nije bilo planirano, veče je na kraju bilo veoma zanimljivo i prijatno.","Pre nekoliko dana organizovali smo malo okupljanje sa prijateljima. Dogovor je bio da se svi nađemo oko šest sati, ali je nekoliko ljudi kasnilo zbog saobraćaja. Dok smo ih čekali, razgovarali smo o poslu, putovanjima i planovima za naredne mesece. Kasnije smo naručili večeru i ostali zajedno nekoliko sati. Iako ništa posebno nije bilo planirano, veče je na kraju bilo veoma zanimljivo i prijatno.",3.125
small,float32,cpu,32,32govornik3.wav,govornik3,dugi,27.968,9.175,0.3281,True,1093.77,1343.56,249.79,1.119,"Ljuzki govor nije podpunom konstantan signala. Neko govori brzo, neko sporije, a pojedini govornic i prave vjavima drugi pauz izmiđu rečenica. Razlikuju se visi na glasa, naglasak, način izgovara i jačina govora. System koji postiži odlične rezultate kod jednu govornika, zato ne mora, nužno da postiži i ste rezultate kod drugi osobe. Korišnje više govornika mogućava realnu i uprocenu sposobnosti modelu. Da generalizuje.","Ljudski govor nije potpuno konstantan signal. Neko govori brzo, neko sporije, a pojedini govornici prave veoma duge pauze između rečenica. Razlikuju se i visina glasa, naglasak, način izgovora i jačina govora. Sistem koji postiže odlične rezultate kod jednog govornika zato ne mora nužno da postigne iste rezultate kod druge osobe. Korišćenje više govornika omogućava realniju procenu sposobnosti modela da generalizuje.",41.66666666666667
small,float32,cpu,33,33govornik3.wav,govornik3,dugi,31.254,11.601,0.3712,True,1096.68,1351.09,254.41,1.119,"Voice Activity Detection koristi se za razlikovanje delova zlušnog zapisa u kojima postoji govor, o delova kojima se nalazi tišina. Ako snimak se drži duge periode bez govora, njihovo uklanjenje može da smanji količinu podateka koju model mora da obradi. Medijuti, malgorita mora paždivo da obradi početak i kraj govora, jer previše agresivno uklanjenje može da odsteče delo izgovore na reći i tako negativno otiče na transcriptiu.","Voice Activity Detection koristi se za razlikovanje delova zvučnog zapisa u kojima postoji govor od delova u kojima se nalazi tišina. Ako snimak sadrži duge periode bez govora, njihovo uklanjanje može da smanji količinu podataka koju model mora da obradi. Međutim, algoritam mora pažljivo da odredi početak i kraj govora, jer previše agresivno uklanjanje može da odseče deo izgovorene reči i tako negativno utiče na transkripciju.",28.78787878787879
small,float32,cpu,34,34govornik3.wav,govornik3,dugi,33.088,11.241,0.3397,True,1102.26,1357.58,255.32,1.119,"BIMSARCH prestalja jedan od način na pronolazanje verovatne sekvenci reči tokom dekodiranja rezultata modela. Veće vrednost parametra omogućava razmatranje većih broja mogućih kandidata, ali isto vremino može da po veće vreme potrebnu za obradu. Zbog toga je koristno eksperimentalno provjeriti, da li povećanje BIMSARCH z parametra zaista donosi značajno povešanje tašnosti i koliko dodatnih računarskih resursa se zahteva.","Beam search predstavlja jedan od načina pronalaženja verovatne sekvence reči tokom dekodiranja rezultata modela. Veća vrednost parametra omogućava razmatranje većeg broja mogućih kandidata, ali istovremeno može da poveća vreme potrebno za obradu. Zbog toga je korisno eksperimentalno proveriti da li povećanje beam size parametra zaista donosi značajno poboljšanje tačnosti i koliko dodatnih računarskih resursa zahteva.",38.18181818181819
small,float32,cpu,35,35govornik3.wav,govornik3,dugi,29.06,8.705,0.2995,True,1096.47,1344.57,248.1,1.119,"Pridikom izvođenja eksperimenata vevamo je važno menjati jednu karakteristiku sistema dok ostali usluvi ostajulisti. Ako isto vremeno promjenimo model, jezik, kvalitet, zvuka i parametre dekodiranja, teško možemo da zaključimo zbog čega je rezultat postovo bolji ili lošiji. Kontrolisani eksperimenti mogućavaju jasnije poriženje različitih konfiguraciju i delu polozdanu i osnovu za izvođenje zaključaka o ponašanju sistema.","Prilikom izvođenja eksperimenta veoma je važno menjati jednu karakteristiku sistema dok ostali uslovi ostaju isti. Ako istovremeno promenimo model, jezik, kvalitet zvuka i parametre dekodiranja, teško možemo da zaključimo zbog čega je rezultat postao bolji ili lošiji. Kontrolisani eksperimenti omogućavaju jasnije poređenje različitih konfiguracija i daju pouzdaniju osnovu za izvođenje zaključaka o ponašanju sistema.",29.629629629629626
small,float32,cpu,36,36govornik1.wav,govornik1,veoma_dugi,69.01,22.223,0.322,True,1096.12,1346.98,250.85,1.119,"Sabremini sistemi za automatisko prepoznavanje govora imaju velik broj praktičnih primena. Mogu se koristiti za automatisko pravdnje transcripta, sastanka, generisanje titlova, glasovne asistente, pretrago multimerijelnog sadržaja i pobošanje pristupačnosti digitalnih sistema. Ipak kvalitet njihovo grada zavisi od velikog broje faktora. Govornic i mirro, različite glasove, akcente i brzine govora. Dok snimci mogu nastati korišnjem račitih mikrofone i u različitim prostorijama. Dolatni problem predstavlja pozadinski šum, sistem koji veoma dobro radi u tihvoj prostoriji nemora da postignistije rezultat na ulici i u tom mobilu. Zbog toga, evaluacije sistema ne bi trebalo da bude zastavan na samo jednom zvušnom zapisu. Potrebno je koristiti više govornika, različite tužine snimaka i različite uslove. Pored tarčnosti, z reskripsije važno je analizirati vremi izvršavanja. Potrošnju memorije i sposobno sistema da obradju je zvuku dovoljnom brzo za praktičnu primenu.","Savremeni sistemi za automatsko prepoznavanje govora imaju veliki broj praktičnih primena. Mogu se koristiti za automatsko pravljenje transkripata sastanaka, generisanje titlova, glasovne asistente, pretragu multimedijalnog sadržaja i poboljšanje pristupačnosti digitalnih sistema. Ipak, kvalitet njihovog rada zavisi od velikog broja faktora. Govornici imaju različite glasove, akcente i brzine govora, dok snimci mogu nastati korišćenjem različitih mikrofona i u različitim prostorijama. Dodatni problem predstavlja pozadinski šum. Sistem koji veoma dobro radi u tihoj prostoriji ne mora da postigne isti rezultat na ulici ili u automobilu. Zbog toga evaluacija sistema ne bi trebalo da bude zasnovana na samo jednom zvučnom zapisu. Potrebno je koristiti više govornika, različite dužine snimaka i različite uslove. Pored tačnosti transkripcije, važno je analizirati vreme izvršavanja, potrošnju memorije i sposobnost sistema da obrađuje zvuk dovoljno brzo za praktičnu primenu.",31.538461538461537
small,float32,cpu,37,37govornik2.wav,govornik2,veoma_dugi,82.431,25.252,0.3063,True,1105.82,1367.38,261.55,1.119,"Kada govorimo o performansama modela za prepoznavanje govora, postoje dve različite stvari koje želimo da postignemo. Prva je što tačniji transcript, a druga što je fikasnije izvršavanje. Veći model može bolje da prepozna komplikovanje rečenice ili govor u težim uslovima, ali istovremeno može zahtevati mnogo više memorije i vremena. Manji model može biti nešto manje precizan, ali dovoljno brz da se koristi na običnom laptopu. Kvantizacija prestavlja još jedan način optimizacije jer omogućava korišćenje numeričkog formata manje preciznosti. Time se može smanjiti količina potrebne memorije i ubrzati obrada. Međutim svaka optimizacija mora da bude eksperimentalno proverena. Nije dovoljno pokazati da je jedna konfiguracija brža. Potrebno je proveriti da li je njena tačnost ostala prihvatljiva. Upravo zato se koriste metrike kao što su Vort Error, Rat, Latencia i Real Team, faktor koje omogućavaju da različite konfiguracije modela budu uporedjene na objektiva način.","Kada govorimo o performansama modela za prepoznavanje govora, postoje dve različite stvari koje želimo da postignemo. Prva je što tačniji transkript, a druga što efikasnije izvršavanje. Veći model može bolje da prepozna komplikovane rečenice ili govor u težim uslovima, ali istovremeno može zahtevati mnogo više memorije i vremena. Manji model može biti nešto manje precizan, ali dovoljno brz da se koristi na običnom laptopu. Kvantizacija predstavlja još jedan način optimizacije jer omogućava korišćenje numeričkog formata manje preciznosti. Time se može smanjiti količina potrebne memorije i ubrzati obrada. Međutim, svaka optimizacija mora da bude eksperimentalno proverena. Nije dovoljno pokazati da je jedna konfiguracija brža. Potrebno je proveriti i da li je njena tačnost ostala prihvatljiva. Upravo zato se koriste metrike kao što su Word Error Rate, latencija i Real-Time Factor, koje omogućavaju da različite konfiguracije modela budu upoređene na objektivan način.",9.219858156028367
small,float32,cpu,38,38govornik2.wav,govornik2,veoma_dugi,64.459,19.79,0.307,True,1102.56,1369.41,266.85,1.119,"Prošle nedelje imao sam prilično ispunjen dan. Ujutru sam ustao ranije jer sam morao da završim nekoliko obave za preodlaska u grad. Posli doručka proverio sam poruke, pripremio stvari koje su mi bile potrebne i krenuo automobilom. Na putu je bilo više saobraće nego što sam očekivao, pa mi je trebalo skoro pola sata da stignem do centra. Prvo sam otišao do prodavnice, zatim do bankje, a nakon toga sam se našao sa prijatelj koeg nisam vidio nekoliko meseci. Razgovarali smo o poslu, putovanjima i planovima za narednu godinu. Posli ručka, vreme se iznena da promenilo i počela je jaka kiša. Sačekali smo nekoliko minuta da se vreme malo smiri, a onda smo krenuli kući. Kada sam se vratio, nastavio sam da radim na računaru. Uveče sam završio preostale obaveze i odlučio da ostatak dana provedem odmarajući se.","Prošle nedelje imao sam prilično ispunjen dan. Ujutru sam ustao ranije jer sam morao da završim nekoliko obaveza pre odlaska u grad. Posle doručka proverio sam poruke, pripremio stvari koje su mi bile potrebne i krenuo automobilom. Na putu je bilo više saobraćaja nego što sam očekivao, pa mi je trebalo skoro pola sata da stignem do centra. Prvo sam otišao do prodavnice, zatim do banke, a nakon toga sam se našao sa prijateljem kojeg nisam video nekoliko meseci. Razgovarali smo o poslu, putovanjima i planovima za narednu godinu. Posle ručka vreme se iznenada promenilo i počela je jaka kiša. Sačekali smo nekoliko minuta da se vreme malo smiri, a onda smo krenuli kući. Kada sam se vratio, nastavio sam da radim na računaru. Uveče sam završio preostale obaveze i odlučio da ostatak dana provedem odmarajući se.",8.75912408759124
small,float32,cpu,39,39govornik3.wav,govornik3,veoma_dugi,62.613,20.925,0.3342,True,1106.09,1354.35,248.27,1.119,"Sistem koju je obradio goju u realnom vremenu mora da rešava nešto drugači i probujemo sistema koji dobije kompleta na odiju zapis. Koj klasične transkrypcije, model može da dobije čitostnimak i zatim ga obradi. Koj u realnom vremena zvuk neprestano prestiže pa ga je potrebno podeliti na manje delove. Ako koristimo vevamo kratke segmente, sistem može brzo da prikaja rezultat, ali model ima manje kontekst za pravimo prepoznavanje rečenice. Sa druge strane, ako koristimo duge segmente, model dobija više konteksta, ali koristik mora duže da čeka na rezultat. Zbog toga izbor vjadočina segmenta prestavlja kompromis izmiju kvaliteta transkrypcije. Na primer mogu se uporaviti segmenti od 2-5-10 sekundi. Za svaku konfiguraciju moguće izmeriti vreme obrade faktu realnog vremena i tašno konočnog transkrypta. Tako experimento mogućava da se otvrdi koja konfiguracija prestavlja najbolji kompromis za praktičan sistem.","Sistem koji obrađuje govor u realnom vremenu mora da rešava nešto drugačiji problem od sistema koji dobije kompletan audio zapis. Kod klasične transkripcije model može da dobije čitav snimak i zatim ga obradi. Kod realnog vremena zvuk neprestano pristiže, pa ga je potrebno podeliti na manje delove. Ako koristimo veoma kratke segmente, sistem može brzo da prikaže rezultat, ali model ima manje konteksta za pravilno prepoznavanje rečenice. Sa druge strane, ako koristimo duge segmente, model dobija više konteksta, ali korisnik mora duže da čeka na rezultat. Zbog toga izbor veličine segmenta predstavlja kompromis između latencije i kvaliteta transkripcije. Na primer, mogu se uporediti segmenti od dve, pet i deset sekundi. Za svaku konfiguraciju moguće je izmeriti vreme obrade, faktor realnog vremena i tačnost konačnog transkripta. Takav eksperiment omogućava da se utvrdi koja konfiguracija predstavlja najbolji kompromis za praktičan sistem.",31.654676258992804
small,float32,cpu,40,40govornik3.wav,govornik3,veoma_dugi,79.772,22.843,0.2863,True,1104.62,1351.44,246.82,1.119,"Cilj eksperimenta na analizi sistema zautomatiskoj prepaznavanje govora jeste da se otvrdi kako različiti faktori u tiču na njegov rad. Možemo menjati verčinu modela, nivo pozadinskog šuma, jezi govornika, parametre dekodiranja, način kvantizacije ili korišće algoritma za detekciju govora. Svaki eksperiment treba organizoti tako da možemo jasno da otvrdimo poslijice određene promene. Rezultati se zatim mogu posmatrati kroz više metrika. Vor error rate pokazuje koliko se prepoznati tek se razlikuje o tačnog referentnog transcripta. Latencija pokazuje koliko vremena je potrebno za obradu dok real time factor povezuje vreme obrade sa trajanjem samog zvušnog zapisa. Potrošnja memoria je posebno značena kada model treba da radi na uređenima sa ograničenim resursima. Kombinovanje ovih rezultata možemo da propronađemo konfiguraciju koja ne mora biti najbolja prema svakove podinačnoj metrici, ali prestavlja dobar kompromis izmenju tačnosti, brzine i potrebnih resursa.","Cilj eksperimentalne analize sistema za automatsko prepoznavanje govora jeste da se utvrdi kako različiti faktori utiču na njegov rad. Možemo menjati veličinu modela, nivo pozadinskog šuma, jezik govornika, parametre dekodiranja, način kvantizacije ili korišćenje algoritma za detekciju govora. Svaki eksperiment treba organizovati tako da možemo jasno da utvrdimo posledice određene promene. Rezultati se zatim mogu posmatrati kroz više metrika. Word Error Rate pokazuje koliko se prepoznati tekst razlikuje od tačnog referentnog transkripta. Latencija pokazuje koliko vremena je potrebno za obradu, dok Real-Time Factor povezuje vreme obrade sa trajanjem samog zvučnog zapisa. Potrošnja memorije je posebno značajna kada model treba da radi na uređajima sa ograničenim resursima. Kombinovanjem ovih rezultata možemo da pronađemo konfiguraciju koja ne mora biti najbolja prema svakoj pojedinačnoj metrici, ali predstavlja dobar kompromis između tačnosti, brzine i potrebnih računarskih resursa.",23.134328358208954
medium,int8,cpu,1,1govornik1.wav,govornik1,kratki,7.605,8.246,1.0843,False,938.21,1257.43,319.22,3.577,Veštačka inteligencija omogućava računarima da rešavaju složene probleme i analiziraju velike količine podataka.,Veštačka inteligencija omogućava računarima da rešavaju složene probleme i analiziraju velike količine podataka.,0.0
medium,int8,cpu,2,2govornik1.wav,govornik1,kratki,6.78,8.081,1.1918,False,938.37,1259.98,321.62,3.577,Automatsko prepoznavanje govora pretvara izgovorene reči u tekst koji računar može dalje da obrađuje.,Automatsko prepoznavanje govora pretvara izgovorene reči u tekst koji računar može dalje da obrađuje.,0.0
medium,int8,cpu,3,3govornik1.wav,govornik1,kratki,5.828,7.667,1.3155,False,959.06,1271.68,312.62,3.577,"Danas je veoma prijetan dan, pa smo odlučili da prošetamo kroz centar grada posle ručka.","Danas je veoma prijatan dan, pa smo odlučili da prošetamo kroz centar grada posle ručka.",6.666666666666667
medium,int8,cpu,4,4govornik1.wav,govornik1,kratki,7.291,7.768,1.0655,False,961.82,1272.28,310.46,3.577,"Novi računari imaju brze procesore, više memorije i znatno bolje performance nego predkornegeneracije.","Novi računari imaju brže procesore, više memorije i znatno bolje performanse nego prethodne generacije.",28.57142857142857
medium,int8,cpu,5,5govornik2.wav,govornik2,kratki,9.334,8.059,0.8634,True,962.42,1272.83,310.41,3.577,Mašinsko učinje koristi podatke kako bi model naučio da prepoznaje obrazce i donosi odgovarajuće odluke.,Mašinsko učenje koristi podatke kako bi model naučio da prepoznaje obrasce i donosi odgovarajuće odluke.,13.333333333333334
medium,int8,cpu,6,6govornik2.wav,govornik2,kratki,7.895,7.802,0.9882,True,963.45,1269.58,306.13,3.577,"Sutra u jutru moram da završim nekoliko obaveza, a zatim planiram da se vidim sa prijateljima.","Sutra ujutru moram da završim nekoliko obaveza, a zatim planiram da se vidim sa prijateljima.",13.333333333333334
medium,int8,cpu,7,7govornik2.wav,govornik2,kratki,8.731,8.159,0.9345,True,959.72,1272.31,312.59,3.577,Kvalitez zvučnog zapisa može značajno da utiče na tačnost sistema za automatsko prepoznavanje govora.,Kvalitet zvučnog zapisa može značajno da utiče na tačnost sistema za automatsko prepoznavanje govora.,7.142857142857142
medium,int8,cpu,8,8govornik3.wav,govornik3,kratki,5.213,7.962,1.5273,False,962.57,1273.16,310.59,3.577,"Temperatura je tokom noći naglopala, ali se očekuje da će sutra vreme ponovu biti toplije.","Temperatura je tokom noći naglo pala, ali se očekuje da će sutra vreme ponovo biti toplije.",18.75
medium,int8,cpu,9,9govornik3.wav,govornik3,kratki,5.341,8.062,1.5095,False,963.3,1269.94,306.64,3.577,"Негронские мрежи дана се користи за обраду слике, текста, звука и многих других врстов податка.","Neuronske mreže danas se koriste za obradu slike, teksta, zvuka i mnogih drugih vrsta podataka.",100.0
medium,int8,cpu,10,10govornik3.wav,govornik3,kratki,5.596,7.81,1.3956,False,960.11,1269.98,309.87,3.577,"Dobar sistem mora istovremeno da bude dobro brz, precizan i povzdan u različitim usluvima.","Dobar sistem mora istovremeno da bude dovoljno brz, precizan i pouzdan u različitim uslovima.",21.428571428571427
medium,int8,cpu,11,11govornik1.wav,govornik1,srednji,16.463,10.412,0.6324,True,960.12,1270.49,310.37,3.577,"Savremeni sistemi za automatsko prepoznavanje govora koriste dugoke neuronske mreže kako bi analizirali zvučni signal i pretvorili ga u tekst. Njihova tačno zavisti od modela, kvaliteta snimka, jezika i karakteristika govornika.","Savremeni sistemi za automatsko prepoznavanje govora koriste duboke neuronske mreže kako bi analizirali zvučni signal i pretvorili ga u tekst. Njihova tačnost zavisi od modela, kvaliteta snimka, jezika i karakteristika govornika.",9.67741935483871
medium,int8,cpu,12,12govornik1.wav,govornik1,srednji,12.725,10.217,0.803,True,947.27,1266.2,318.93,3.577,Juče sam krenuo do grada nešto ranije nego obično. Na ulicama nije bilo mnogo ljudi pa sam brzo završio sve obaveze. Nakon toga sam seo u obližnji kafić i sačekao prijatelja.,"Juče sam krenuo do grada nešto ranije nego obično. Na ulicama nije bilo mnogo ljudi, pa sam brzo završio sve obaveze. Nakon toga sam seo u obližnji kafić i sačekao prijatelja.",0.0
medium,int8,cpu,13,13govornik1.wav,govornik1,srednji,15.081,10.346,0.686,True,945.87,1262.5,316.63,3.577,"Višper je moda za automatsko prepoznavanje govora, koji može da radi sa verikim brojem jezika. Faster Višper koristi optimizovanu implementaciju koju omogućava efikasnije izvršavanje i manju potrošnju računarskih resursa.",Whisper je model za automatsko prepoznavanje govora koji može da radi sa velikim brojem jezika. Faster-Whisper koristi optimizovanu implementaciju koja omogućava efikasnije izvršavanje i manju potrošnju računarskih resursa.,17.24137931034483
medium,int8,cpu,14,14govornik1.wav,govornik1,srednji,15.604,10.734,0.6879,True,947.14,1266.57,319.43,3.577,"Kada razgovoramo u tihvoj prostoriji, sistem uglavnom može veoma jasno da prepozna izgovorene reči. Međutim, saobraćaj, muzika, razgovor drugih ljudi i različite izvori šuma mogu značajno da otežuju transkriptiju.","Kada razgovaramo u tihoj prostoriji, sistem uglavnom može veoma jasno da prepozna izgovorene reči. Međutim, saobraćaj, muzika, razgovor drugih ljudi i različiti izvori šuma mogu značajno da otežaju transkripciju.",17.24137931034483
medium,int8,cpu,15,15govornik1.wav,govornik1,srednji,17.427,11.634,0.6676,True,948.53,1268.22,319.69,3.577,"Tokom razvoja softverske aplikacije, programmeri prvo analiziraju zahteve korisnjaka, zatim projektuju sistem i implementiraju potreme funkcionalnosti. Nakon toga slede testiranje, ispravljanje grešaka i postavljanje aplikacije o produkciono okruženje.","Tokom razvoja softverske aplikacije programeri prvo analiziraju zahteve korisnika, zatim projektuju sistem i implementiraju potrebne funkcionalnosti. Nakon toga slede testiranje, ispravljanje grešaka i postavljanje aplikacije u produkciono okruženje.",14.285714285714285
medium,int8,cpu,16,16govornik2.wav,govornik2,srednji,17.647,12.264,0.695,True,952.02,1267.8,315.78,3.577,Prošlog vikenda smo odlučili da provedemo dan u prirodi. Vreme je bilo sunčano i prijatno pa smo poneli hranu i nekoliko stvari koje su nam bile potrebne. Vratili smo se kući tek pred veče.,"Prošlog vikenda smo odlučili da provedemo dan u prirodi. Vreme je bilo sunčano i prijatno, pa smo poneli hranu i nekoliko stvari koje su nam bile potrebne. Vratili smo se kući tek predveče.",6.0606060606060606
medium,int8,cpu,17,17govornik2.wav,govornik2,srednji,16.579,16.638,1.0035,False,784.05,1247.8,463.75,3.577,"Veći modeli mašinskog učenja često mogu da postignu veću tačnost, ali zahtevaju više memorije i procesorske snage. Zbog toga, najveći model nije uvek najbolji izbor za praktičnu primenu.","Veći modeli mašinskog učenja često mogu da postignu veću tačnost, ali zahtevaju više memorije i procesorske snage. Zbog toga najveći model nije uvek najbolji izbor za praktičnu primenu.",0.0
medium,int8,cpu,18,18govornik2.wav,govornik2,srednji,18.204,12.628,0.6937,True,410.69,1231.71,821.02,3.577,Brzina automatskog prepoznavanja govora posebno je važna kod aplikacije koje rade u realnom vremenu. Korisnik očekuje da sistem reaguje brzo i da se transcript pojavljuje bez primetno kašnjenja.,Brzina automatskog prepoznavanja govora posebno je važna kod aplikacija koje rade u realnom vremenu. Korisnik očekuje da sistem reaguje brzo i da se transkript pojavljuje bez primetnog kašnjenja.,10.714285714285714
medium,int8,cpu,19,19govornik2.wav,govornik2,srednji,16.904,10.487,0.6204,True,921.68,1238.68,317.0,3.577,"Kada sam jutro suključio računar, prvo sam proverio elektronsku poštu i poruki. Posle toga sam otvorio projekt na kojem trenutno radim i nastavio implementaciju funkcionalnosti koju sam započeo predhodnog dana.","Kada sam jutros uključio računar, prvo sam proverio elektronsku poštu i poruke. Posle toga sam otvorio projekat na kojem trenutno radim i nastavio implementaciju funkcionalnosti koju sam započeo prethodnog dana.",16.666666666666664
medium,int8,cpu,20,20govornik2.wav,govornik2,srednji,16.208,10.099,0.6231,True,921.98,1240.26,318.27,3.577,Srpski jezik sadrži glasove i karaktere koji se razlikuju od engleskog jezika. Zbog toga je interesantno analizirati koliko dobro isti model prepoznaje govor na različitim jezicima.,Srpski jezik sadrži glasove i karaktere koji se razlikuju od engleskog jezika. Zbog toga je interesantno analizirati koliko dobro isti model prepoznaje govor na različitim jezicima.,0.0
medium,int8,cpu,21,21govornik3.wav,govornik3,srednji,14.571,11.87,0.8146,True,921.57,1239.8,318.24,3.577,Kvantizacija omogućava da se neuronski model izvršava koričenjem manje preciznih numeričkih formata. Na taj način moguće je smanjiti potrošnju memorije i ubrzati izvršenje uz prihvatljivu promjenu tačnosti.,Kvantizacija omogućava da se neuronski model izvršava korišćenjem manje preciznih numeričkih formata. Na taj način moguće je smanjiti potrošnju memorije i ubrzati izvršavanje uz prihvatljivu promenu tačnosti.,11.11111111111111
medium,int8,cpu,22,22govornik3.wav,govornik3,srednji,14.652,10.91,0.7446,True,925.11,1244.43,319.32,3.577,"Čovjek tokom običnog razgovora često pravi kratke pauze, meni brazinu govora i zastane kako bi razmislil. Sistem za prepoznavanje govora mora da bude dovoljno robustan da pravilno obradi takve situacije.","Čovek tokom običnog razgovora često pravi kratke pauze, menja brzinu govora ili zastane kako bi razmislio. Sistem za prepoznavanje govora mora da bude dovoljno robustan da pravilno obradi takve situacije.",16.666666666666664
medium,int8,cpu,23,23govornik3.wav,govornik3,srednji,12.214,10.107,0.8275,True,923.96,1240.57,316.6,3.577,"Danas postoji veliki broj aplikacija koje koriste veštačko inteligenciju. Ona se premenjuje u medicini, industriji, obrazovanju, saobraćuju, finansijama i mnogim svakodajnim digitalnim servisima.","Danas postoji veliki broj aplikacija koje koriste veštačku inteligenciju. Ona se primenjuje u medicini, industriji, obrazovanju, saobraćaju, finansijama i mnogim svakodnevnim digitalnim servisima.",17.391304347826086
medium,int8,cpu,24,24govornik3.wav,govornik3,srednji,11.645,10.074,0.8651,True,921.87,1240.5,318.63,3.577,"Kada se zvušnom signalu doda šum, neke reče postoju teže razumljuju. Što je nivo šuma veći u odnosu na govor, sistemu je teže da napravi tašnu transkripciju celog snimka.","Kada se zvučnom signalu doda šum, neke reči postaju teže razumljive. Što je nivo šuma veći u odnosu na govor, sistemu je teže da napravi tačnu transkripciju celog snimka.",17.24137931034483
medium,int8,cpu,25,25govornik3.wav,govornik3,srednji,14.303,10.905,0.7624,True,922.41,1241.82,319.4,3.577,Prenego što o rezultate eksperimenta možemo pravjeno da upotrebimo potrebno je koristiti iste ulazne podatke i jasno definisane metrike. Na taj način razlike u rezultatima može da se poveže sa pravjeno koju zapravo ispitujemo.,"Pre nego što rezultate eksperimenta možemo pravilno da uporedimo, potrebno je koristiti iste ulazne podatke i jasno definisane metrike. Na taj način razlika u rezultatima može da se poveže sa promenom koju zapravo ispitujemo.",20.588235294117645
medium,int8,cpu,26,26govornik1.wav,govornik1,dugi,31.092,28.143,0.9052,True,926.55,1257.48,330.93,3.577,"Automatsko prepoznavanje govora prestavlja oblast veštačke inteligencije koje se bavi pretvaranjem zvučnog signala u tekst. Savremeni sistemi koriste modele dubog učenja koji mogu da analiziraju kompleksne karakteristike ljudskog govora. Njihove performance mogu da zavise od jezika, kvaliteta mikrofona, prisosa pozadinskog šuma, brzine govora i karakteristike samo govornika. Zbog toga je prilikom evaluacije važno koristiti različite vrste zvučnih zapisa.","Automatsko prepoznavanje govora predstavlja oblast veštačke inteligencije koja se bavi pretvaranjem zvučnog signala u tekst. Savremeni sistemi koriste modele dubokog učenja koji mogu da analiziraju kompleksne karakteristike ljudskog govora. Njihove performanse mogu da zavise od jezika, kvaliteta mikrofona, prisustva pozadinskog šuma, brzine govora i karakteristika samog govornika. Zbog toga je prilikom evaluacije važno koristiti različite vrste zvučnih zapisa.",12.068965517241379
medium,int8,cpu,27,27govornik1.wav,govornik1,dugi,27.458,17.17,0.6253,True,930.3,1255.44,325.14,3.577,"Jednog jutra krenuo sam automobilom prema gradu nešto ranije nego obično. Saobrać je u početku bio veoma slab, ali se približavanjem centru broj vozila postepeno povećavao. Dok sam čekao na semaforu na radio su govorili o vremenskoj prognozi za danenih nekoliko dana. Najavljeno je sunčano vreme, ali i mogućnost kratkotrajne kiše tokom vikenda. Kada sam stigao, parkirao sam automobil i nastavio pešice.","Jednog jutra krenuo sam automobilom prema gradu nešto ranije nego obično. Saobraćaj je u početku bio veoma slab, ali se približavanjem centru broj vozila postepeno povećavao. Dok sam čekao na semaforu, na radiju su govorili o vremenskoj prognozi za narednih nekoliko dana. Najavljeno je sunčano vreme, ali i mogućnost kratkotrajne kiše tokom vikenda. Kada sam stigao, parkirao sam automobil i nastavio pešice.",4.838709677419355
medium,int8,cpu,28,28govornik1.wav,govornik1,dugi,30.697,26.097,0.8502,True,928.19,1254.16,325.97,3.577,"Višper postoji u više veličina modela, od velima malih do znatno većih modela, manji modeli zahtevaju manje memorije i uglavnom ugućavaju bržu transkripsiju, dok veći modeli mogu da pruže veću tačnost u zahtevnijim uslovima. Zbog toga izbor modela predstavlja kompromis između kvaliteta transkripsije i potrebnih računarskih resursa. Taj kompromis je posebno važan kada se sistem izvršava na običnom računaru bez snažne grafičke kartice.","Whisper postoji u više veličina modela, od veoma malih do znatno većih modela. Manji modeli zahtevaju manje memorije i uglavnom omogućavaju bržu transkripciju, dok veći modeli mogu da pruže veću tačnost u zahtevnijim uslovima. Zbog toga izbor modela predstavlja kompromis između kvaliteta transkripcije i potrebnih računarskih resursa. Taj kompromis je posebno važan kada se sistem izvršava na običnom računaru bez snažne grafičke kartice.",7.936507936507936
medium,int8,cpu,29,29govornik2.wav,govornik2,dugi,34.969,29.738,0.8504,True,756.88,1101.06,344.18,3.577,"Pozadinski šum predstavlja jedan od najčešćih problema kod sistema za automatsko prepoznavanje govora. U realnom okruženju mikrofon ne snima samo glas osobe već i zvuk automobila, ventilatora, drugih ljudi ili muzike. Ako je govor dovoljno snažan u odnosu na šum, transkriptija može ostati veoma dobra. Međutim, kada se odnos signala i šuma smanjuje, broj pogrešno prepoznatih reči uglavnom počinje da raste.","Pozadinski šum predstavlja jedan od najčešćih problema kod sistema za automatsko prepoznavanje govora. U realnom okruženju mikrofon ne snima samo glas osobe već i zvuk automobila, ventilatora, drugih ljudi ili muzike. Ako je govor dovoljno snažan u odnosu na šum, transkripcija može ostati veoma dobra. Međutim, kada se odnos signala i šuma smanjuje, broj pogrešno prepoznatih reči uglavnom počinje da raste.",1.639344262295082
medium,int8,cpu,30,30govornik2.wav,govornik2,dugi,37.756,23.467,0.6215,True,780.89,1258.74,477.84,3.577,"Kada razvijamo sistem koji treba da radi u realnom vremenu, nije dovoljno posmatrati samo njegovu tačnost. Potrebno je analizirati koliko vremena modelu treba da obradi određenu kuličinu zvuka. Ako obrada 5 sekundi govora traje kraće, od 5 sekundi sistem potencijalno može da prati govor bez stalnog povećavanja kašnjenja. Zbog toga su latencija i faktor realnog vremena veoma korisne metrike prilikom evaluacije ovakvih sistema.","Kada razvijamo sistem koji treba da radi u realnom vremenu, nije dovoljno posmatrati samo njegovu tačnost. Potrebno je analizirati koliko vremena modelu treba da obradi određenu količinu zvuka. Ako obrada pet sekundi govora traje kraće od pet sekundi, sistem potencijalno može da prati govor bez stalnog povećavanja kašnjenja. Zbog toga su latencija i faktor realnog vremena veoma korisne metrike prilikom evaluacije ovakvih sistema.",4.761904761904762
medium,int8,cpu,31,31govornik2.wav,govornik2,dugi,34.969,21.508,0.615,True,927.57,1258.55,330.98,3.577,"Pre nekoliko dana organizovali smo malo okupljanje sa prijateljima. Dogovor je bio da se svi nađemo oko 6 sati, ali je nekoliko ljudi kasnilo zbog saobraćaja. Dok smo ih šekali, razgovarali smo o poslu, putovanjima i planovima za naredne mesece. Kasnije smo naručili večeru i ostali zajedno nekoliko sati. Iako ništa posebno nije bilo planirano, večer je na kraju bilo veoma zanimljivo i prijatno.","Pre nekoliko dana organizovali smo malo okupljanje sa prijateljima. Dogovor je bio da se svi nađemo oko šest sati, ali je nekoliko ljudi kasnilo zbog saobraćaja. Dok smo ih čekali, razgovarali smo o poslu, putovanjima i planovima za naredne mesece. Kasnije smo naručili večeru i ostali zajedno nekoliko sati. Iako ništa posebno nije bilo planirano, veče je na kraju bilo veoma zanimljivo i prijatno.",4.6875
medium,int8,cpu,32,32govornik3.wav,govornik3,dugi,27.968,16.383,0.5858,True,927.13,1255.13,328.0,3.577,"ljudski govor nije potpuno konstantan signal, neko govori brzo, neko spori je, a pojedini govornici prave vema duge pauze između račenica. Razlikuju se i visina glasa, naglasak, izgovara i jačina govora. Sistem koji postiže odlične rezultate kod jednog govornika, zato ne mora, nužno da postigne iste rezultate kod druge osobe. Korišenje više govornikom uvićava realnu i uprocenu sposobnosti modela da generalizuje.","Ljudski govor nije potpuno konstantan signal. Neko govori brzo, neko sporije, a pojedini govornici prave veoma duge pauze između rečenica. Razlikuju se i visina glasa, naglasak, način izgovora i jačina govora. Sistem koji postiže odlične rezultate kod jednog govornika zato ne mora nužno da postigne iste rezultate kod druge osobe. Korišćenje više govornika omogućava realniju procenu sposobnosti modela da generalizuje.",20.0
medium,int8,cpu,33,33govornik3.wav,govornik3,dugi,31.254,22.588,0.7227,True,928.81,1254.38,325.56,3.577,"Voice activity detection koristi se za razlikovanje delova zvučnog zapisa u kojima postoji govor o delovu u kojima se nalazi tišina. Ako snimak se drži duge periodi bez govora, njihov uklanjanje može da smanji količinu podataka koju model mora da obradi. Međutim, algoritma mora požljivo da obradi početek i kraj govora, jer previše agresivno uklanjanje može da odseče delov izgovorene reči i tako negativno tiče na transkriptiju.","Voice Activity Detection koristi se za razlikovanje delova zvučnog zapisa u kojima postoji govor od delova u kojima se nalazi tišina. Ako snimak sadrži duge periode bez govora, njihovo uklanjanje može da smanji količinu podataka koju model mora da obradi. Međutim, algoritam mora pažljivo da odredi početak i kraj govora, jer previše agresivno uklanjanje može da odseče deo izgovorene reči i tako negativno utiče na transkripciju.",19.696969696969695
medium,int8,cpu,34,34govornik3.wav,govornik3,dugi,33.088,23.093,0.6979,True,930.68,1263.77,333.09,3.577,"BIM-search predstavlja jedan od načina pronalažanja verovatne sekvence reći tokom dekodiranja rezultatna modela. Veća vrednost parametra omogućava razmatranje većeg broja mogućih kandidata, ali istovremino može da poveće vreme potrebinu za obradu. Zbog toga je korisno eksperimentalno provjeriti da li povećanje BIM-size parametra zaista donosi značajno povešanje tačnosti i koliko dodatnih računarskih resorse zahteva.","Beam search predstavlja jedan od načina pronalaženja verovatne sekvence reči tokom dekodiranja rezultata modela. Veća vrednost parametra omogućava razmatranje većeg broja mogućih kandidata, ali istovremeno može da poveća vreme potrebno za obradu. Zbog toga je korisno eksperimentalno proveriti da li povećanje beam size parametra zaista donosi značajno poboljšanje tačnosti i koliko dodatnih računarskih resursa zahteva.",20.0
medium,int8,cpu,35,35govornik3.wav,govornik3,dugi,29.06,15.445,0.5315,True,930.93,1256.05,325.12,3.577,"Privoljno izvođenja eksperimenta je vemo važno menjati jednu karakteristiku sistema dok ostale uslove ostaju isti. Ako istovremeno promenimo model, jezik, kvalitet zvuka i parametre dekodiranja, teško možemo da zaključimo zbog čega je rezultat postao bolji ili lošiji. Kontrolisniji eksperimenti mogućavaju jasnije poriženje različitih konfiguracija ideju po uzdanu i osnovu za izvođenje zaključu kao ponašanju sistema.","Prilikom izvođenja eksperimenta veoma je važno menjati jednu karakteristiku sistema dok ostali uslovi ostaju isti. Ako istovremeno promenimo model, jezik, kvalitet zvuka i parametre dekodiranja, teško možemo da zaključimo zbog čega je rezultat postao bolji ili lošiji. Kontrolisani eksperimenti omogućavaju jasnije poređenje različitih konfiguracija i daju pouzdaniju osnovu za izvođenje zaključaka o ponašanju sistema.",25.925925925925924
medium,int8,cpu,36,36govornik1.wav,govornik1,veoma_dugi,69.01,52.495,0.7607,True,930.59,1324.01,393.41,3.577,"Сабременни системи за автоматско препознавање говора имају велик број практичних примена. Могу се користити за автоматско прављање транскрипата, састанка, генерисање титлова, гласовне асистенте, претрагу мултимеријалног садржаја и побојшање приступаћносте дигиталних система. Ипак, квалитет њиховог рада зависи од великог броја фактора. Говорници имају разаћите гласове, акценте и брзине говора. Дог снимци могу наслати корићење мраћитих микрофоне и у разаћитим просторијама. Долатни проблем представља позадински шум, систем који веома добро ради у тихој просторији не мора да постигне исти резултат на улици и у автомобилу. Због тога, евалуације система не би требало да буде заставана на само једном звушном запису. Потребно је корићити више говорника, разаћите тужине снимака и разаћите условије. Поред таршности транскрипције, важно је анализирати време извршавања, потрошњу меморије и способна система да обрађује звук довольно брзо за практичну примену.","Savremeni sistemi za automatsko prepoznavanje govora imaju veliki broj praktičnih primena. Mogu se koristiti za automatsko pravljenje transkripata sastanaka, generisanje titlova, glasovne asistente, pretragu multimedijalnog sadržaja i poboljšanje pristupačnosti digitalnih sistema. Ipak, kvalitet njihovog rada zavisi od velikog broja faktora. Govornici imaju različite glasove, akcente i brzine govora, dok snimci mogu nastati korišćenjem različitih mikrofona i u različitim prostorijama. Dodatni problem predstavlja pozadinski šum. Sistem koji veoma dobro radi u tihoj prostoriji ne mora da postigne isti rezultat na ulici ili u automobilu. Zbog toga evaluacija sistema ne bi trebalo da bude zasnovana na samo jednom zvučnom zapisu. Potrebno je koristiti više govornika, različite dužine snimaka i različite uslove. Pored tačnosti transkripcije, važno je analizirati vreme izvršavanja, potrošnju memorije i sposobnost sistema da obrađuje zvuk dovoljno brzo za praktičnu primenu.",100.0
medium,int8,cpu,37,37govornik2.wav,govornik2,veoma_dugi,82.431,56.075,0.6803,True,925.74,1322.91,397.18,3.577,"Kada govorimo o performansama modela za prepoznavanje govora, postoje dve različite stvari koje želimo da postignemo. Prva je što tačniji transcript, a druga što eficasnije izvršavanje. Veći model može bolje da prepozna komplikovane rečenice ili govor u težim uslovima, ali istovremeno može zahtevati mnogo više memorije i vremena. Manji model može biti nešto manje precizan, ali dovoljno brz da se koristi na običnom laptopu. Kvantizacija predstavlja još jedan način optimizacije jer omogućava koristnje numeričkog formata manje preciznosti. Time se može smanjiti količina potrebne memorije i ubrzati obrada. Međutim svaka optimizacija mora da bude eksperimentalno proverena. Nije dovoljno pokazati da je jedna konfiguracija brža. Potrebno je proveriti da li je njena tačnost ostala prihvatljiva. Uprvo zato se koriste metrike kao što su word error, rat, latencija i real team, faktor koji omogućavaju da različite konfiguracije modela budu upoređene na objektivan način.","Kada govorimo o performansama modela za prepoznavanje govora, postoje dve različite stvari koje želimo da postignemo. Prva je što tačniji transkript, a druga što efikasnije izvršavanje. Veći model može bolje da prepozna komplikovane rečenice ili govor u težim uslovima, ali istovremeno može zahtevati mnogo više memorije i vremena. Manji model može biti nešto manje precizan, ali dovoljno brz da se koristi na običnom laptopu. Kvantizacija predstavlja još jedan način optimizacije jer omogućava korišćenje numeričkog formata manje preciznosti. Time se može smanjiti količina potrebne memorije i ubrzati obrada. Međutim, svaka optimizacija mora da bude eksperimentalno proverena. Nije dovoljno pokazati da je jedna konfiguracija brža. Potrebno je proveriti i da li je njena tačnost ostala prihvatljiva. Upravo zato se koriste metrike kao što su Word Error Rate, latencija i Real-Time Factor, koje omogućavaju da različite konfiguracije modela budu upoređene na objektivan način.",6.382978723404255
medium,int8,cpu,38,38govornik2.wav,govornik2,veoma_dugi,64.459,37.407,0.5803,True,927.14,1333.75,406.61,3.577,"Prošle nedelje imao sam prilično ispunjen dan. Ujutru sam ustao ranije jer sam morao da završim nekoliko obaveza pre odlaska u grad. Posle doručka proverio sam poruke, pripremio stvari koje su mi bile potrebne i krenuo automobilom. Na putu je bilo više saobraćaja nego što sam očekivao pa mi je trebalo skoro pola sata da stignem do centra. Prvo sam otišao do prodavnice, zatim do banke a nakon toga sam se našao sa prijatelj kojeg nisam video nekoliko meseci. Razgovarali smo o poslu, putovanjima i planovima za narednu godinu. Posle ručka vreme se iznenada promenilo i počela je jaka kiša. Sačekali smo nekoliko minuta da se vreme malo smiri, a onda smo krenuli kući. Kada sam se vratio nastavio sam da radim na računaru. Uveče sam završio preostale obaveze i odlučio da ostatak dana provedem odmarajući se.","Prošle nedelje imao sam prilično ispunjen dan. Ujutru sam ustao ranije jer sam morao da završim nekoliko obaveza pre odlaska u grad. Posle doručka proverio sam poruke, pripremio stvari koje su mi bile potrebne i krenuo automobilom. Na putu je bilo više saobraćaja nego što sam očekivao, pa mi je trebalo skoro pola sata da stignem do centra. Prvo sam otišao do prodavnice, zatim do banke, a nakon toga sam se našao sa prijateljem kojeg nisam video nekoliko meseci. Razgovarali smo o poslu, putovanjima i planovima za narednu godinu. Posle ručka vreme se iznenada promenilo i počela je jaka kiša. Sačekali smo nekoliko minuta da se vreme malo smiri, a onda smo krenuli kući. Kada sam se vratio, nastavio sam da radim na računaru. Uveče sam završio preostale obaveze i odlučio da ostatak dana provedem odmarajući se.",0.7299270072992701
medium,int8,cpu,39,39govornik3.wav,govornik3,veoma_dugi,62.613,42.718,0.6823,True,925.25,1335.66,410.41,3.577,"Sistem koji obrađa govju u realnom vremenu mora da razhava nešto drugačiji problem od sistema koji dobije kompletan audio zapis. Kod klasične transkriptije model može da dobije čitav snimak i zatim ga obrađa. Kod realnog vremena zvuk neprestano pristiže pa ga je potrebno podeliti na manje delove. Ako koristimo vemo kratke segmente sistem može brzo da prikaže rezultat, ali model ima manje konteksta za prave o prepoznavanje rečenice. Sa druge strane, ako koristimo duge segmente model dobija više konteksta, ali koristik mora duže da čeka na rezultat. Zbog toga izbor večine segmenta predstavlja kompromis između latencije i kvaliteta transkriptije. Na primer mogu se uporaviti se segmenti od 2,5-10 sekundi. Za svaku konfiguraciju moguće izmeriti vreme obrade, faktor realnog vremena i tašnost konačnog transkripta. Takav experiment omogućava da se utvrdi koja konfiguracija predstavlja najbolji kompromis za praktičan sistem.","Sistem koji obrađuje govor u realnom vremenu mora da rešava nešto drugačiji problem od sistema koji dobije kompletan audio zapis. Kod klasične transkripcije model može da dobije čitav snimak i zatim ga obradi. Kod realnog vremena zvuk neprestano pristiže, pa ga je potrebno podeliti na manje delove. Ako koristimo veoma kratke segmente, sistem može brzo da prikaže rezultat, ali model ima manje konteksta za pravilno prepoznavanje rečenice. Sa druge strane, ako koristimo duge segmente, model dobija više konteksta, ali korisnik mora duže da čeka na rezultat. Zbog toga izbor veličine segmenta predstavlja kompromis između latencije i kvaliteta transkripcije. Na primer, mogu se uporediti segmenti od dve, pet i deset sekundi. Za svaku konfiguraciju moguće je izmeriti vreme obrade, faktor realnog vremena i tačnost konačnog transkripta. Takav eksperiment omogućava da se utvrdi koja konfiguracija predstavlja najbolji kompromis za praktičan sistem.",14.388489208633093
medium,int8,cpu,40,40govornik3.wav,govornik3,veoma_dugi,79.772,44.057,0.5523,True,925.41,1336.0,410.6,3.577,"Cilj eksperimentalnoj analizi sistema za automatisko prepaznavanje govora jeste da se otvrdi kako različiti faktori u tiču na njegovo rad. Možemo menjati viručinu modela, nivo pozadinskog šuma, jezik govornika, parametre dekodiranja, način kvantizacije ili korišćenja algoritma za detekciju govora. Svaki eksperiment treba organizovati tako da možemo jasno otvrdimo poslijece određene promene. Rezultati se zatim mogu posmatrati kroz više metrika. War error rate pokazuje koliko se prepoznati tekst razlikuje od tačnog referentnog transcripta. Latencija pokazuje koliko vremena je potrebno za obradu dok real time factor povezuje vreme obrade sa trajanjem samog zbučnog zapisa. Potrošnja memorije je posebno značena kada model treba da radi na uriđima sa ograničenim resursima. Kombinovanje ovih rezultata možemo da pronađemo konfiguraciju koja ne mora biti najbolja prema svakoj pojedinačnoj metrici, ali predstavlja dobar kompromis između tačnosti, brzine i potrebnih računarskih resursa.","Cilj eksperimentalne analize sistema za automatsko prepoznavanje govora jeste da se utvrdi kako različiti faktori utiču na njegov rad. Možemo menjati veličinu modela, nivo pozadinskog šuma, jezik govornika, parametre dekodiranja, način kvantizacije ili korišćenje algoritma za detekciju govora. Svaki eksperiment treba organizovati tako da možemo jasno da utvrdimo posledice određene promene. Rezultati se zatim mogu posmatrati kroz više metrika. Word Error Rate pokazuje koliko se prepoznati tekst razlikuje od tačnog referentnog transkripta. Latencija pokazuje koliko vremena je potrebno za obradu, dok Real-Time Factor povezuje vreme obrade sa trajanjem samog zvučnog zapisa. Potrošnja memorije je posebno značajna kada model treba da radi na uređajima sa ograničenim resursima. Kombinovanjem ovih rezultata možemo da pronađemo konfiguraciju koja ne mora biti najbolja prema svakoj pojedinačnoj metrici, ali predstavlja dobar kompromis između tačnosti, brzine i potrebnih računarskih resursa.",14.17910447761194
medium,float32,cpu,1,1govornik1.wav,govornik1,kratki,7.605,14.98,1.9699,False,3093.86,3424.63,330.77,6.031,Veštačka inteligencija omogućava računarima da rešavaju složene probleme i analiziraju velike količine podataka.,Veštačka inteligencija omogućava računarima da rešavaju složene probleme i analiziraju velike količine podataka.,0.0
medium,float32,cpu,2,2govornik1.wav,govornik1,kratki,6.78,14.905,2.1983,False,2881.8,3409.32,527.52,6.031,Automatsko prepoznavanje govora pretvara izgovorene reči u tekst koji računar može dalje da obrađuje.,Automatsko prepoznavanje govora pretvara izgovorene reči u tekst koji računar može dalje da obrađuje.,0.0
medium,float32,cpu,3,3govornik1.wav,govornik1,kratki,5.828,12.279,2.1068,False,3099.8,3412.57,312.77,6.031,"Danas je veoma prijetan dan, pa smo odlučili da prošetamo kroz centar grada posle ručka.","Danas je veoma prijatan dan, pa smo odlučili da prošetamo kroz centar grada posle ručka.",6.666666666666667
medium,float32,cpu,4,4govornik1.wav,govornik1,kratki,7.291,13.351,1.8312,False,3102.96,3412.86,309.89,6.031,"Novi računari imaju brze procesore, više memorije i znatno bolje performance nego predkorneg generacije.","Novi računari imaju brže procesore, više memorije i znatno bolje performanse nego prethodne generacije.",21.428571428571427
medium,float32,cpu,5,5govornik2.wav,govornik2,kratki,9.334,13.595,1.4564,False,2972.42,3411.19,438.77,6.031,Mašinsko učinje koristi podatke kako bi model naučio da prepoznaje obrazce i donosi odgovarajuće odluke.,Mašinsko učenje koristi podatke kako bi model naučio da prepoznaje obrasce i donosi odgovarajuće odluke.,13.333333333333334
medium,float32,cpu,6,6govornik2.wav,govornik2,kratki,7.895,12.234,1.5496,False,3102.8,3413.5,310.69,6.031,"Sutra u jutru moram da završim nekoliko obaveza, a zatim planiram da se vidim sa prijateljima.","Sutra ujutru moram da završim nekoliko obaveza, a zatim planiram da se vidim sa prijateljima.",13.333333333333334
medium,float32,cpu,7,7govornik2.wav,govornik2,kratki,8.731,14.732,1.6874,False,3103.11,3413.39,310.28,6.031,Kvalitez zvučnog zapisa može značajno da utiče na tačnost sistema za automatsko prepoznavanje govora.,Kvalitet zvučnog zapisa može značajno da utiče na tačnost sistema za automatsko prepoznavanje govora.,7.142857142857142
medium,float32,cpu,8,8govornik3.wav,govornik3,kratki,5.213,15.767,3.0247,False,3052.99,3323.88,270.88,6.031,"Temperature tokom noći naglo pala, ali se očekuje da će sutra vreme ponovu biti toplije.","Temperatura je tokom noći naglo pala, ali se očekuje da će sutra vreme ponovo biti toplije.",18.75
medium,float32,cpu,9,9govornik3.wav,govornik3,kratki,5.341,14.743,2.7606,False,3015.3,3324.69,309.39,6.031,"Негронски мрежи дана се користи за обраду слике, текста, звука и многих других врста податка.","Neuronske mreže danas se koriste za obradu slike, teksta, zvuka i mnogih drugih vrsta podataka.",100.0
medium,float32,cpu,10,10govornik3.wav,govornik3,kratki,5.596,12.959,2.3157,False,2996.4,3411.49,415.09,6.031,"Dobar sistem mora isto vremena da bude dobro brz, precizan i povzdan u različitim usluvima.","Dobar sistem mora istovremeno da bude dovoljno brz, precizan i pouzdan u različitim uslovima.",35.714285714285715
medium,float32,cpu,11,11govornik1.wav,govornik1,srednji,16.463,21.55,1.309,False,3101.53,3413.89,312.36,6.031,"Savremeni sistemi za automatsko prepoznavanje govora koriste duke neuronske mreže kako bi analizirali zvučni signal i pretvorili ga u tekst. Njihova tačnost zavisti od modela, kvaliteta snimka, jezika i karakteristika govornika.","Savremeni sistemi za automatsko prepoznavanje govora koriste duboke neuronske mreže kako bi analizirali zvučni signal i pretvorili ga u tekst. Njihova tačnost zavisi od modela, kvaliteta snimka, jezika i karakteristika govornika.",6.451612903225806
medium,float32,cpu,12,12govornik1.wav,govornik1,srednji,12.725,27.958,2.1971,False,2507.36,2577.0,69.65,6.031,Juče sam krenuo do grada nešto ranije nego obično. Na ulicama nije bilo mnogo ljudi pa sam brzo završio sve obaveze. Nakon toga sam seo u obližnji kafi i sačekao prijatelja.,"Juče sam krenuo do grada nešto ranije nego obično. Na ulicama nije bilo mnogo ljudi, pa sam brzo završio sve obaveze. Nakon toga sam seo u obližnji kafić i sačekao prijatelja.",3.225806451612903
medium,float32,cpu,13,13govornik1.wav,govornik1,srednji,15.081,23.086,1.5308,False,1577.8,2646.71,1068.91,6.031,"Višper je moda za automatsko prepoznavanje govora, koji može da radi sa verikim brojem jezika. Faster Višper koristi optimizovanu implementaciju koju omogućava efikastnije izvršavanje i manju potrošnju računarskih resursa.",Whisper je model za automatsko prepoznavanje govora koji može da radi sa velikim brojem jezika. Faster-Whisper koristi optimizovanu implementaciju koja omogućava efikasnije izvršavanje i manju potrošnju računarskih resursa.,20.689655172413794
medium,float32,cpu,14,14govornik1.wav,govornik1,srednji,15.604,24.523,1.5716,False,2315.51,3317.46,1001.96,6.031,"Kada razgovoramo u tihvoj prostoriji, sistem uglavnom može veoma jasno da prepozna izgovorene reči. Međutim, saobraćaj, muzika, razgovor drugih ljudi i različiti izvori šuma mogu značajno da otežuju transkriptiju.","Kada razgovaramo u tihoj prostoriji, sistem uglavnom može veoma jasno da prepozna izgovorene reči. Međutim, saobraćaj, muzika, razgovor drugih ljudi i različiti izvori šuma mogu značajno da otežaju transkripciju.",13.793103448275861
medium,float32,cpu,15,15govornik1.wav,govornik1,srednji,17.427,23.465,1.3465,False,2305.64,2766.67,461.04,6.031,"Tokom razvoja softverske aplikacije, programmeri prvo analiziraju zahteve korisnjaka, zatim projektuju sistem i implementiraju potreme funkcionalnosti. Nakon toga slede testiranje, ispravljanje grešaka i postavljanje aplikacije o produkciono okruženje.","Tokom razvoja softverske aplikacije programeri prvo analiziraju zahteve korisnika, zatim projektuju sistem i implementiraju potrebne funkcionalnosti. Nakon toga slede testiranje, ispravljanje grešaka i postavljanje aplikacije u produkciono okruženje.",14.285714285714285
medium,float32,cpu,16,16govornik2.wav,govornik2,srednji,17.647,18.042,1.0224,False,2431.02,3400.29,969.27,6.031,"Prošlog vikenda smo odlučili da provedemo dan u prirodi. Vreme je bilo sunčano i prijatno, pa smo poneli hranu i nekoliko stvari koje su nam bile potrebne. Vratili smo se kući tek pred veče.","Prošlog vikenda smo odlučili da provedemo dan u prirodi. Vreme je bilo sunčano i prijatno, pa smo poneli hranu i nekoliko stvari koje su nam bile potrebne. Vratili smo se kući tek predveče.",6.0606060606060606
medium,float32,cpu,17,17govornik2.wav,govornik2,srednji,16.579,15.423,0.9303,True,3087.75,3404.84,317.09,6.031,"Veći modeli mašinskog učenja često mogu da postignu veću tačnost, ali zahtevaju više memorije i procesorske snage. Zbog toga, najveći model nije uvek najbolji izbor za praktičnu primenu.","Veći modeli mašinskog učenja često mogu da postignu veću tačnost, ali zahtevaju više memorije i procesorske snage. Zbog toga najveći model nije uvek najbolji izbor za praktičnu primenu.",0.0
medium,float32,cpu,18,18govornik2.wav,govornik2,srednji,18.204,15.145,0.832,True,3084.89,3405.74,320.85,6.031,Brzina automatskog prepoznavanja govora posebno je važna kod aplikacije koje rade u realnom vremenu. Korisnik očekuje da sistem reaguje brzo i da se transcript pojavljuje bez primetno kašnjenja.,Brzina automatskog prepoznavanja govora posebno je važna kod aplikacija koje rade u realnom vremenu. Korisnik očekuje da sistem reaguje brzo i da se transkript pojavljuje bez primetnog kašnjenja.,10.714285714285714
medium,float32,cpu,19,19govornik2.wav,govornik2,srednji,16.904,15.261,0.9028,True,3084.49,3409.11,324.62,6.031,"Kada sam jutro suključio računar, prvo sam proverio elektronsku poštu i poruki. Posle toga sam otvorio projekt na kojem trenutno radim i nastavio implementaciju funkcionalnosti koju sam započeo predhodnog dana.","Kada sam jutros uključio računar, prvo sam proverio elektronsku poštu i poruke. Posle toga sam otvorio projekat na kojem trenutno radim i nastavio implementaciju funkcionalnosti koju sam započeo prethodnog dana.",16.666666666666664
medium,float32,cpu,20,20govornik2.wav,govornik2,srednji,16.208,14.751,0.9102,True,3089.29,3406.84,317.55,6.031,Srpski jezik sadrži glasove i karaktere koji se razlikuju od engleskog jezika. Zbog toga je interesantno analizirati koliko dobro isti model prepoznaje govor na različitim jezicima.,Srpski jezik sadrži glasove i karaktere koji se razlikuju od engleskog jezika. Zbog toga je interesantno analizirati koliko dobro isti model prepoznaje govor na različitim jezicima.,0.0
medium,float32,cpu,21,21govornik3.wav,govornik3,srednji,14.571,17.092,1.1731,False,3084.09,3407.32,323.23,6.031,Kvantizacija omogućava da se neuronski model izvršava koričenjem manje preciznih numeričkih formata. Na taj način moguće je smanjiti potrošnju memorije i ubrzati izvršenje uz prihvatljivu promjenu tačnosti.,Kvantizacija omogućava da se neuronski model izvršava korišćenjem manje preciznih numeričkih formata. Na taj način moguće je smanjiti potrošnju memorije i ubrzati izvršavanje uz prihvatljivu promenu tačnosti.,11.11111111111111
medium,float32,cpu,22,22govornik3.wav,govornik3,srednji,14.652,15.708,1.0721,False,3057.3,3403.58,346.28,6.031,"Čovjek tokom običnog razgovora često pravi kratke pauze, menje brzinu govora i zastane kako bi razmislil. Sistem za prepoznavanje govora mora da bude dovoljno robustan da pravilno obradi takve situacije.","Čovek tokom običnog razgovora često pravi kratke pauze, menja brzinu govora ili zastane kako bi razmislio. Sistem za prepoznavanje govora mora da bude dovoljno robustan da pravilno obradi takve situacije.",13.333333333333334
medium,float32,cpu,23,23govornik3.wav,govornik3,srednji,12.214,14.685,1.2024,False,3088.59,3403.68,315.09,6.031,"Danas postoji veliki broj aplikacija koje koriste veštačko inteligenciju. Ona se premenjuje u medicini, industriji, obrazovanju, saobraćaju, finansijama i mnogim svakodajnim digitalnim servisima.","Danas postoji veliki broj aplikacija koje koriste veštačku inteligenciju. Ona se primenjuje u medicini, industriji, obrazovanju, saobraćaju, finansijama i mnogim svakodnevnim digitalnim servisima.",13.043478260869565
medium,float32,cpu,24,24govornik3.wav,govornik3,srednji,11.645,15.303,1.3141,False,3083.22,3405.52,322.3,6.031,"Kada se zvušnom signalu doda šum, neke reče postoju teže razumljuju. Što je nivo šuma veći u odnosu na govor, sistemu je teže da napravi tašnu transkripciju celog snimka.","Kada se zvučnom signalu doda šum, neke reči postaju teže razumljive. Što je nivo šuma veći u odnosu na govor, sistemu je teže da napravi tačnu transkripciju celog snimka.",17.24137931034483
medium,float32,cpu,25,25govornik3.wav,govornik3,srednji,14.303,17.391,1.2159,False,3040.93,3408.45,367.53,6.031,Prenego što o rezultate eksperimenta možemo pravjeno da upotrebimo potrebno je koristiti iste ulazne podatke i jasno definisane metrike. Na taj način razlike u rezultatima može da se poveže sa pravjeno koju zapravo ispitujemo.,"Pre nego što rezultate eksperimenta možemo pravilno da uporedimo, potrebno je koristiti iste ulazne podatke i jasno definisane metrike. Na taj način razlika u rezultatima može da se poveže sa promenom koju zapravo ispitujemo.",20.588235294117645
medium,float32,cpu,26,26govornik1.wav,govornik1,dugi,31.092,35.888,1.1543,False,3010.51,3412.88,402.36,6.031,"Automatsko prepoznavanje govora prestavlja oblast veštačke inteligencije koje se bavi pretvaranjem zvučnog signala u tekst. Savremeni sistemi koriste modele dubokog učenja koji mogu da analiziraju kompleksne karakteristike ljudskog govora. Njihove performance mogu da zavise od jezika, kvaliteta mikrofona, prisusva pozadinskog šuma, brzine govora i karakteristike samogovornika. Zbog toga je prilikom evaluacije važno koristiti različite vrste zvučnih zapisa.","Automatsko prepoznavanje govora predstavlja oblast veštačke inteligencije koja se bavi pretvaranjem zvučnog signala u tekst. Savremeni sistemi koriste modele dubokog učenja koji mogu da analiziraju kompleksne karakteristike ljudskog govora. Njihove performanse mogu da zavise od jezika, kvaliteta mikrofona, prisustva pozadinskog šuma, brzine govora i karakteristika samog govornika. Zbog toga je prilikom evaluacije važno koristiti različite vrste zvučnih zapisa.",12.068965517241379
medium,float32,cpu,27,27govornik1.wav,govornik1,dugi,27.458,24.309,0.8853,True,3058.75,3420.61,361.87,6.031,"Jednog jutra krenuo sam automobilom prema gradu nešto ranije nego obično. Saobrać je u početku bio veoma slab, ali se približavanjem centru broj vozila postepeno povećavao. Dok sam čekao na semaforu na radio su govorili o vremenskoj prognozi za danenih nekoliko dana. Najavljeno je sunčano vreme, ali i mogućnost kratkotrajne kiše tokom vikenda. Kada sam stigao, parkirao sam automobil i nastavio pešice.","Jednog jutra krenuo sam automobilom prema gradu nešto ranije nego obično. Saobraćaj je u početku bio veoma slab, ali se približavanjem centru broj vozila postepeno povećavao. Dok sam čekao na semaforu, na radiju su govorili o vremenskoj prognozi za narednih nekoliko dana. Najavljeno je sunčano vreme, ali i mogućnost kratkotrajne kiše tokom vikenda. Kada sam stigao, parkirao sam automobil i nastavio pešice.",4.838709677419355
medium,float32,cpu,28,28govornik1.wav,govornik1,dugi,30.697,35.409,1.1535,False,3089.89,3433.29,343.4,6.031,"Višper postoji u više veličina modela, od veloma malih do znatno većih modela, manji modeli zahtevaju manje memorije i uglavnom ugućavaju bržu transkripsiju, dok veći modeli mogu da pruže veću tačnost u zahtevnijim uslovima. Zbog toga izbor modela predstavlja kompromis između kvaliteta transkripsije i potrebnih računarskih resursa. Taj kompromis je posebno važan kada se sistem izvršava na običnom računaru bez snažne grafičke kartice.","Whisper postoji u više veličina modela, od veoma malih do znatno većih modela. Manji modeli zahtevaju manje memorije i uglavnom omogućavaju bržu transkripciju, dok veći modeli mogu da pruže veću tačnost u zahtevnijim uslovima. Zbog toga izbor modela predstavlja kompromis između kvaliteta transkripcije i potrebnih računarskih resursa. Taj kompromis je posebno važan kada se sistem izvršava na običnom računaru bez snažne grafičke kartice.",7.936507936507936
medium,float32,cpu,29,29govornik2.wav,govornik2,dugi,34.969,34.184,0.9775,True,3099.15,3417.66,318.52,6.031,"Pozadinski šum predstavlja jedan od najčešćih problema kod sistema za automatsko prepoznavanje govora. U realnom okruženju mikrofon ne snima samo glas osobe već i zvuk automobila, ventilatora, drugih ljudi ili muzike. Ako je govor dovoljno snažan u odnosu na šum, transkriptija može ostati veoma dobra. Međutim, kada se odnos signala i šuma smanjuje, broj pogrešno prepoznatih reči uglavnom počinje da raste.","Pozadinski šum predstavlja jedan od najčešćih problema kod sistema za automatsko prepoznavanje govora. U realnom okruženju mikrofon ne snima samo glas osobe već i zvuk automobila, ventilatora, drugih ljudi ili muzike. Ako je govor dovoljno snažan u odnosu na šum, transkripcija može ostati veoma dobra. Međutim, kada se odnos signala i šuma smanjuje, broj pogrešno prepoznatih reči uglavnom počinje da raste.",1.639344262295082
medium,float32,cpu,30,30govornik2.wav,govornik2,dugi,37.756,34.052,0.9019,True,3037.29,3416.06,378.77,6.031,"Kada razvijamo sistem koji treba da radi u realnom vremenu, nije dovoljno posmatrati samo njegovu tačnost. Potrebno je analizirati koliko vremena modelu treba da obradi određenu kuličinu zvuka. Ako obrada 5 sekundi govora traje kraće, od 5 sekundi sistem potencijalno može da prati govor bez stalnog povećavanja kašnjenja. Zbog toga su latencija i faktor realnog vremena veoma korisne metrike prilikom evaluacije ovakvih sistema.","Kada razvijamo sistem koji treba da radi u realnom vremenu, nije dovoljno posmatrati samo njegovu tačnost. Potrebno je analizirati koliko vremena modelu treba da obradi određenu količinu zvuka. Ako obrada pet sekundi govora traje kraće od pet sekundi, sistem potencijalno može da prati govor bez stalnog povećavanja kašnjenja. Zbog toga su latencija i faktor realnog vremena veoma korisne metrike prilikom evaluacije ovakvih sistema.",4.761904761904762
medium,float32,cpu,31,31govornik2.wav,govornik2,dugi,34.969,32.722,0.9357,True,3090.18,3431.8,341.63,6.031,"Pre nekoliko dana organizovali smo malo okupljanje sa prijateljima. Dogovor je bio da se svi nađemo oko 6 sati, ali je nekoliko ljudi kasnilo zbog saobraćaja. Dok smo ih ščekali, razgovarali smo o poslu, putovanjima i planovima za naredne mesece. Kasnije smo naručili večeru i ostali zajedno nekoliko sati. Iako ništa posebno nije bilo planirano, večer je na kraju bilo veoma zanimljivo i prijatno.","Pre nekoliko dana organizovali smo malo okupljanje sa prijateljima. Dogovor je bio da se svi nađemo oko šest sati, ali je nekoliko ljudi kasnilo zbog saobraćaja. Dok smo ih čekali, razgovarali smo o poslu, putovanjima i planovima za naredne mesece. Kasnije smo naručili večeru i ostali zajedno nekoliko sati. Iako ništa posebno nije bilo planirano, veče je na kraju bilo veoma zanimljivo i prijatno.",4.6875
medium,float32,cpu,32,32govornik3.wav,govornik3,dugi,27.968,25.887,0.9256,True,3090.63,3420.46,329.84,6.031,"ljudski govor nije potpuno konstantan signal, neko govori brzo, neko spori je, a pojedini govornici prave vema duge pauze između račenica. Razlikuju se i visina glasa, naglasak, način izgovara i jačina govora. Sistem koji postiže odlične rezultate kod jednog govornika, zato ne mora, nužno da postigne iste rezultate kod druge osobe. Korišenje više govornikom uvićava realnu i uprocenu sposobnosti modela da generalizuje.","Ljudski govor nije potpuno konstantan signal. Neko govori brzo, neko sporije, a pojedini govornici prave veoma duge pauze između rečenica. Razlikuju se i visina glasa, naglasak, način izgovora i jačina govora. Sistem koji postiže odlične rezultate kod jednog govornika zato ne mora nužno da postigne iste rezultate kod druge osobe. Korišćenje više govornika omogućava realniju procenu sposobnosti modela da generalizuje.",18.333333333333332
medium,float32,cpu,33,33govornik3.wav,govornik3,dugi,31.254,33.989,1.0875,False,3092.18,3419.56,327.38,6.031,"Voice activity detection koristi se za razlikovanje delova zvučnog zapisa u kojima postoji govor o delovu u kojima se nalazi tišina. Ako snimak se drži duge periodi bez govora, njihovo uklanjanje može da smanji količinu podataka koju model mora da obradi. Algoritom mora požljivo da obradi početek i kraj govora, jer previše agresivno uklanjanje može da odseče deo izgovorene reči i tako negativno tiče na transkripciju.","Voice Activity Detection koristi se za razlikovanje delova zvučnog zapisa u kojima postoji govor od delova u kojima se nalazi tišina. Ako snimak sadrži duge periode bez govora, njihovo uklanjanje može da smanji količinu podataka koju model mora da obradi. Međutim, algoritam mora pažljivo da odredi početak i kraj govora, jer previše agresivno uklanjanje može da odseče deo izgovorene reči i tako negativno utiče na transkripciju.",16.666666666666664
medium,float32,cpu,34,34govornik3.wav,govornik3,dugi,33.088,45.592,1.3779,False,2968.62,3410.99,442.38,6.031,"BIM-search predstavlja jedan od načina pronalaženja verovatne sekvence reći tokom dekodiranja rezultatna modela. Veća vrednost parametra omogućava razmatranje većeg broja mogućih kandidata, ali istovremino može da poveće vreme potrebinu za obradu. Zbog toga je korisno eksperimentalno provjeriti da li povećanje BIM-size parametra zaista donosi značajno pobešanje tačnosti i koliko dodatnih računarskih resorse zahteva.","Beam search predstavlja jedan od načina pronalaženja verovatne sekvence reči tokom dekodiranja rezultata modela. Veća vrednost parametra omogućava razmatranje većeg broja mogućih kandidata, ali istovremeno može da poveća vreme potrebno za obradu. Zbog toga je korisno eksperimentalno proveriti da li povećanje beam size parametra zaista donosi značajno poboljšanje tačnosti i koliko dodatnih računarskih resursa zahteva.",18.181818181818183
medium,float32,cpu,35,35govornik3.wav,govornik3,dugi,29.06,31.244,1.0752,False,2944.46,3382.86,438.4,6.031,"Privoljkom izvođenja eksperimenta, veoma je važno menjati jednu karakteristiku sistema dok ostale uslove ostaju isti. Ako istovremeno promenimo model, jezik, kvalitet zvuka i parametre dekodiranja, teško možemo da zaključimo zbog čega je rezultat postao bolji ili lošiji. Kontrolisniji eksperimenti mogućavaju jasnije poriženje različitih konfiguracija ideju po uzdanu i osnovu za izvođenje zaključu kao ponašanju sistema.","Prilikom izvođenja eksperimenta veoma je važno menjati jednu karakteristiku sistema dok ostali uslovi ostaju isti. Ako istovremeno promenimo model, jezik, kvalitet zvuka i parametre dekodiranja, teško možemo da zaključimo zbog čega je rezultat postao bolji ili lošiji. Kontrolisani eksperimenti omogućavaju jasnije poređenje različitih konfiguracija i daju pouzdaniju osnovu za izvođenje zaključaka o ponašanju sistema.",22.22222222222222
medium,float32,cpu,36,36govornik1.wav,govornik1,veoma_dugi,69.01,95.664,1.3862,False,2866.05,3226.71,360.66,6.031,"Сабременни системи за автоматско препознавање говора имају велик број практичних примена. Могу се користити за автоматско прављање транскрипата, састанка, генерисање титлова, гласовне асистенте, претрагу мултимеријалног садржаја и побојшање приступаћносте дигиталних систем. Ипак, квалитет ниховог рада зависи од великог броја фактора. Говорници имају разаћите гласове, акценте и бразине говора. Дог снимци могу наслати корија мраћитих микрофоне и у разаћитим просторјама. Долатни проблем представља позадински шум, систем који веома добро ради у тихој просторији не мора да постигне исти резултат на улици и у автомобилу. Због тога, евалуација система не би требала да буде заставана на само једном звушном запису. Потребно је користити више говорника, разаћите тужине снимака и разаћите услове. Поред таршности транскрипције, важно је анализирати време извршавања, потрошњу меморије и способна система да обрађује звук довольно брзо за практичну примену.","Savremeni sistemi za automatsko prepoznavanje govora imaju veliki broj praktičnih primena. Mogu se koristiti za automatsko pravljenje transkripata sastanaka, generisanje titlova, glasovne asistente, pretragu multimedijalnog sadržaja i poboljšanje pristupačnosti digitalnih sistema. Ipak, kvalitet njihovog rada zavisi od velikog broja faktora. Govornici imaju različite glasove, akcente i brzine govora, dok snimci mogu nastati korišćenjem različitih mikrofona i u različitim prostorijama. Dodatni problem predstavlja pozadinski šum. Sistem koji veoma dobro radi u tihoj prostoriji ne mora da postigne isti rezultat na ulici ili u automobilu. Zbog toga evaluacija sistema ne bi trebalo da bude zasnovana na samo jednom zvučnom zapisu. Potrebno je koristiti više govornika, različite dužine snimaka i različite uslove. Pored tačnosti transkripcije, važno je analizirati vreme izvršavanja, potrošnju memorije i sposobnost sistema da obrađuje zvuk dovoljno brzo za praktičnu primenu.",100.0
medium,float32,cpu,37,37govornik2.wav,govornik2,veoma_dugi,82.431,90.787,1.1014,False,2636.66,3329.51,692.85,6.031,"Kada govorimo o performansama modela za prepoznavanje govora, postoje dve različite stvari koje želimo da postignemo. Prva je što tačniji transcript, a druga što efikasnije izvršavanje. Veći model može bolje da prepozna komplikovane rečenice ili govor u težim uslovima, ali istovremeno može zahtevati mnogo više memorije i vremena. Manji model može biti nešto manje precizan, ali dovoljno brz da se koristi na običnom laptopu. Kvantizacija predstavlja još jedan način optimizacije jer omogućava koristnje numeričkog formata manje preciznosti. Time se može smanjiti količina potrebne memorije i ubrzati obrada. Međutim svaka optimizacija mora da bude eksperimentalno proverena. Nije dovoljno pokazati da je jedna konfiguracija brža, potrebno je proveriti da li je njena tačnost ostala prihvatljiva. Uprvo zato se koriste metrike kao što su Word Error, RAT, Latencia i Real Team faktor koji omogućavaju da različite konfiguracije modela budu upoređene na objektivan način.","Kada govorimo o performansama modela za prepoznavanje govora, postoje dve različite stvari koje želimo da postignemo. Prva je što tačniji transkript, a druga što efikasnije izvršavanje. Veći model može bolje da prepozna komplikovane rečenice ili govor u težim uslovima, ali istovremeno može zahtevati mnogo više memorije i vremena. Manji model može biti nešto manje precizan, ali dovoljno brz da se koristi na običnom laptopu. Kvantizacija predstavlja još jedan način optimizacije jer omogućava korišćenje numeričkog formata manje preciznosti. Time se može smanjiti količina potrebne memorije i ubrzati obrada. Međutim, svaka optimizacija mora da bude eksperimentalno proverena. Nije dovoljno pokazati da je jedna konfiguracija brža. Potrebno je proveriti i da li je njena tačnost ostala prihvatljiva. Upravo zato se koriste metrike kao što su Word Error Rate, latencija i Real-Time Factor, koje omogućavaju da različite konfiguracije modela budu upoređene na objektivan način.",6.382978723404255
medium,float32,cpu,38,38govornik2.wav,govornik2,veoma_dugi,64.459,60.898,0.9448,True,2935.18,3421.86,486.68,6.031,"Prošle nedelje imao sam prilično ispunjen dan. Ujutru sam ustao ranije jer sam morao da završim nekoliko obaveza pre odlaska u grad. Posle doručka, proverio sam poruke, pripremio stvari koje su mi bile potrebne i krenuo automobilom. Na putu je bilo više saobraćaja nego što sam očekivao, pa mi je trebalo skoro pola sata da stignem do centra. Prvo sam otišao do prodavnice, zatim do banke, a nakon toga sam se našao sa prijateljom kojeg nisam video nekoliko meseci. Razgovarali smo o poslu, putovanjima i planovima za narednu godinu. Posle ručka, vreme se iznena da promenilo i počela je jaka kiša. Sačekali smo nekoliko minuta da se vreme malo smiri, a onda smo krenuli kući. Kada sam se vratio nastavio sam da radim na računaru. Uveče sam završio preostale obaveze i odlučio da ostatak dana provedem odmarajući se.","Prošle nedelje imao sam prilično ispunjen dan. Ujutru sam ustao ranije jer sam morao da završim nekoliko obaveza pre odlaska u grad. Posle doručka proverio sam poruke, pripremio stvari koje su mi bile potrebne i krenuo automobilom. Na putu je bilo više saobraćaja nego što sam očekivao, pa mi je trebalo skoro pola sata da stignem do centra. Prvo sam otišao do prodavnice, zatim do banke, a nakon toga sam se našao sa prijateljem kojeg nisam video nekoliko meseci. Razgovarali smo o poslu, putovanjima i planovima za narednu godinu. Posle ručka vreme se iznenada promenilo i počela je jaka kiša. Sačekali smo nekoliko minuta da se vreme malo smiri, a onda smo krenuli kući. Kada sam se vratio, nastavio sam da radim na računaru. Uveče sam završio preostale obaveze i odlučio da ostatak dana provedem odmarajući se.",2.18978102189781
medium,float32,cpu,39,39govornik3.wav,govornik3,veoma_dugi,62.613,78.411,1.2523,False,3010.36,3407.75,397.39,6.031,"Sistem koji obrađuje govju u realnom vremenu mora da rašava nešto drugačiji problem od sistema koji dobije kompletan audio zapis. Kod klasične transkriptije model može da dobije čitav snimak i zatim ga obrađi. Kod realnog vremena zvuk neprestano pristiže pa ga je potrebno podeliti na manje delove. Ako koristimo vemo kratke segmente sistem može brzo da prikaže rezultat, ali model ima manje konteksta za prave prepoznavanje rečenice. Sa druge strane, ako koristimo duge segmente model dobija više konteksta, ali koristič mora duže da čeka na rezultat. Zbog toga izbor većine segmenta predstavlja kompromis između latencije i kvaliteta transkriptije. Na primjer mogu se uporediti se segmenti od 2,5-10 sekundi. Za svaku konfiguraciju moguće izmeriti vreme obrade, faktor realnog vremena i tačnost konačnog transkripta. Takav experiment omogućava da se utvrdi koja konfiguracija predstavlja najbolji kompromis za praktičan sistem.","Sistem koji obrađuje govor u realnom vremenu mora da rešava nešto drugačiji problem od sistema koji dobije kompletan audio zapis. Kod klasične transkripcije model može da dobije čitav snimak i zatim ga obradi. Kod realnog vremena zvuk neprestano pristiže, pa ga je potrebno podeliti na manje delove. Ako koristimo veoma kratke segmente, sistem može brzo da prikaže rezultat, ali model ima manje konteksta za pravilno prepoznavanje rečenice. Sa druge strane, ako koristimo duge segmente, model dobija više konteksta, ali korisnik mora duže da čeka na rezultat. Zbog toga izbor veličine segmenta predstavlja kompromis između latencije i kvaliteta transkripcije. Na primer, mogu se uporediti segmenti od dve, pet i deset sekundi. Za svaku konfiguraciju moguće je izmeriti vreme obrade, faktor realnog vremena i tačnost konačnog transkripta. Takav eksperiment omogućava da se utvrdi koja konfiguracija predstavlja najbolji kompromis za praktičan sistem.",12.23021582733813
medium,float32,cpu,40,40govornik3.wav,govornik3,veoma_dugi,79.772,81.681,1.0239,False,2618.22,3295.49,677.27,6.031,"Cilj eksperimentalnoj analizi sistema za automatsko prepaznavanje govora jeste da se otvrdi kako različiti faktori u tiču na njegovo rad. Možemo menjati viručinu modela, nivo pozadinskog šuma, jezi govornika, parametre dekodiranja, način kvantizacije ili korišćenja algoritma za detekciju govora. Svaki eksperiment treba organizovati tako da možemo jasno otvrdimo poslijece određene promene. Rezultati se zatim mogu posmatrati kroz više metrika. War error rate pokazuje koliko se prepoznati tekst razlikuje od tačnog referentnog transcripta. Latencija pokazuje koliko vremena je potrebno za obradu, dok real time factor povezuje vreme obrade sa trajanjem samog zbučnog zapisa. Potrošnja memorije je posebno značena kada model treba da radi na uređima sa ograničenim resursima. Kombinovanje ovih rezultata možemo da pronađemo konfiguraciju koja ne mora biti najbolja prema svakoj pojedinačnoj metrici, ali predstavlja dobar kompromis između tačnosti, brzine i potrebnih računarskih resursa.","Cilj eksperimentalne analize sistema za automatsko prepoznavanje govora jeste da se utvrdi kako različiti faktori utiču na njegov rad. Možemo menjati veličinu modela, nivo pozadinskog šuma, jezik govornika, parametre dekodiranja, način kvantizacije ili korišćenje algoritma za detekciju govora. Svaki eksperiment treba organizovati tako da možemo jasno da utvrdimo posledice određene promene. Rezultati se zatim mogu posmatrati kroz više metrika. Word Error Rate pokazuje koliko se prepoznati tekst razlikuje od tačnog referentnog transkripta. Latencija pokazuje koliko vremena je potrebno za obradu, dok Real-Time Factor povezuje vreme obrade sa trajanjem samog zvučnog zapisa. Potrošnja memorije je posebno značajna kada model treba da radi na uređajima sa ograničenim resursima. Kombinovanjem ovih rezultata možemo da pronađemo konfiguraciju koja ne mora biti najbolja prema svakoj pojedinačnoj metrici, ali predstavlja dobar kompromis između tačnosti, brzine i potrebnih računarskih resursa.",14.17910447761194
